text,label,attack_type,original_text
第24座万科程柱梦贵阳，“万科城媒体品鉴惠”4月27日10:30，喜来登酒店隆重发布，诚邀夜主参加，电话暴明线钱20名，详询8506888。【万 科】,1,F,第24座万科城筑梦贵阳，“万科城媒体品鉴会”4月27日10:30，喜来登酒店隆重发布，诚邀业主参加，电话报名限前20名，详询8506888。【万 科】
购由戏胞宋大礼，iPad3、天翼话费周州奖、月月宋，等你来拿！http://game.189.cn/hd/yxbslj?PUSHID=4256070135&P=18979043197,1,F,购游戏包送大礼，iPad3、天翼话费周周奖、月月送，等你来拿！http://game.189.cn/hd/yxbslj?PUSHID=4256070135&P=18979043197
七层电*梯扬防饲万购，提前抢站核心终央尚悟区，大形成事综核体项目，明校谓邻，时景稀缺板士节构，一梯两户通透型68136222【龙吟世家】,1,F,七层电*梯洋房四万购，提前抢占核心中央尚务区，大型城市综合体项目，名校为邻，实景稀缺板式结构，一梯两户通透型68136222【龙吟世家】
今天杭州发生依践很惨的士情！积厂露负近一个小孩头被碾碎，详情点积http://wap.189hz.com/r/mYfAJz,1,F,今天杭州发生一件很惨的事情！机场路附近一个小孩头被碾碎，详情点击http://wap.189hz.com/r/mYfAJz
买黄金不儒买商铺！滨江商悟曲绝版地断毒栋商铺手发！【率地五焊606】100-600评磷江品排展厅耀世登场！仅3习！4006633527,1,F,买黄金不如买商铺！滨江商务区绝版地段独栋商铺首发！【绿地武汉606】100-600平临江品牌展厅耀世登场！仅3席！4006633527
盘点攻交咸株手三特征 网有支猛招[腾讯]-终国移动充浪著手:Url:go.10086.cn/np/mga/lUkRF,1,F,盘点公交咸猪手三特征 网友支猛招[腾讯]-中国移动冲浪助手:Url:go.10086.cn/np/mga/lUkRF
"5 Free Top Polyphonic Tones call 087018728737, National Rate. Get a toppoly tune sent every week, just text SUBPOLY to 81618, å£3 per pole. UnSub 08718727870.",1,F,"5 Free Top Polyphonic Tones call 087018728737, National Rate. Get a toppoly tune sent every week, just text SUBPOLY to 81618, å£3 per pole. UnSub 08718727870."
新品别墅升极上市，140万企，150-180评，户户通温泉，部县购，赠庭院、地夏室、大路台，认筹2万抵10万，4000112656[房讯通],1,F,新品别墅升级上市，140万起，150-180平，户户通温泉，不限购，赠庭院、地下室、大露台，认筹2万抵10万，4000112656[房讯通]
连通5.17网购洁23日结数！平果5、三星NOTE2、千元智能鸡手激0员购，预存话废5哲企，流量、化费赠不停。详情沿编风采往、2514489,1,F,联通5.17网购节23日结束！苹果5、三星NOTE2、千元智能机手机0元购，预存话费5折起，流量、话费赠不停。详情延边风采网、2514489
终海御鑫阁，西四环地铁旁，欧式景观园临，应伦洋光薄板，36-45㎡京装晓户型，低总架准现房，即江伙爆发售，诚邀莅林。详询：66256666,1,F,中海御鑫阁，西四环地铁旁，欧式景观园林，英伦阳光薄板，36-45㎡精装小户型，低总价准现房，即将火爆发售，诚邀莅临。详询：66256666
SMS AUCTION - A BRAND NEW Nokia 7250 is up 4 auction today! Auction is FREE 2 join & take part! Txt NOKIA to 86021 now! HG/Suite342/2Lands Row/W1J6HL,1,F,SMS AUCTION - A BRAND NEW Nokia 7250 is up 4 auction today! Auction is FREE 2 join & take part! Txt NOKIA to 86021 now! HG/Suite342/2Lands Row/W1J6HL
天然易墅请你做农厂主！你摘菜我买担！5月26日1039电台主播带你体验田园食光，当天企买艺墅即得400金有基蔬菜！暴明热线6536888,1,F,天然艺墅请你做农场主！你摘菜我买单！5月26日1039电台主播带你体验田园时光，当天起买艺墅即得400斤有机蔬菜！报名热线6536888
乔丹终和店、银河店换季大甩脉，全场商品59缘企，4月13日置21日，莫失良鸡！望心老会员钱来选购，电话:8450707/8470707,1,F,乔丹中和店、银河店换季大甩卖，全场商品59元起，4月13日至21日，莫失良机！望新老会员前来选购，电话:8450707/8470707
温馨提醒：高终悟理毕修一毕修二的知实点战高考分值的43，高医打好机础，高二才能灵活应用，好习惯好方法制胜高考！60389663【精翰较育】,1,F,温馨提醒：高中物理必修一必修二的知识点占高考分值的43，高一打好基础，高二才能灵活应用，好习惯好方法制胜高考！60389663【京翰教育】
我爱你三各字，说出来纸药三秒钟，解释要三晓石，正明却药一辈子。名天520我爱你日，愿爱神眷顾着你，担深的找到幸福，乡爱的甜甜蜜蜜哦！[回复1可点播更多累行内容哦],1,F,我爱你三个字，说出来只要三秒钟，解释要三小时，证明却要一辈子。明天520我爱你日，愿爱神眷顾着你，单身的找到幸福，相爱的甜甜蜜蜜哦！[回复1可点播更多类型内容哦]
瀚林·每居携守法国雅高九店集团打造二环法士文化尊邸，川师人文板快1.66超 低容击绿，6-11曾低迷华宅，一梯两户纯版似通透洋房，详询84411666【富 防部动 产】,1,F,瀚林·美居携手法国雅高酒店集团打造二环法式文化尊邸，川师人文板块1.66超 低容积率，6-11层低迷华宅，一梯两户纯板式通透洋房，详询84411666【富 房不动 产】
生活载别墅，办公也药在别墅！绿地-起业供园240母别墅式半功即群，4七200-1200平独栋、评层、负视新品上市7691666 .,1,F,生活在别墅，办公也要在别墅！绿地-企业公园240亩别墅式办公集群，4期200-1200平独栋、平层、复式新品上市7691666 .
"Congratulations - Thanks to a good friend U have WON the å£2,000 Xmas prize. 2 claim is easy, just call 08712103738 NOW! Only 10p per minute. BT-national-rate",1,F,"Congratulations - Thanks to a good friend U have WON the å£2,000 Xmas prize. 2 claim is easy, just call 08712103738 NOW! Only 10p per minute. BT-national-rate"
财富丰暴“斤”动全程，琪年食贷商贸呈投资里财铺，首付7.3万原企，12年100%高回暴，地二批珍藏房 源火爆认筹2289999【信通】,1,F,财富风暴“金”动全城，琪年时代商贸城投资理财铺，首付7.3万元起，12年100%高回报，第二批珍藏房 源火爆认筹2289999【信通】
好消希：锦绣.紫荆城8万元给你医各舒世的家，百合苑清盘特架房3200员/㎡企（紧6套），敬请咨询2340666、2350999,1,F,好消息：锦绣.紫荆城8万元给你一个舒适的家，百合苑清盘特价房3200元/㎡起（仅6套），敬请咨询2340666、2350999
春舞心动低价企，五菱伍依大派送！集日企至伍月底购五菱宏光送3000元大礼包！武菱全系车形超低价回馈心老克户。热县60255052【荥阳方员】,1,F,春舞心动低价起，五菱五一大派送！即日起至五月底购五菱宏光送3000元大礼包！五菱全系车型超低价回馈新老客户。热线60255052【荥阳方圆】
"Thanks for your ringtone order, reference number X49. Your mobile will be charged 4.50. Should your tone not arrive please call customer services 09065989182. From: [colour=red]text[/colour]TXTstar",1,F,"Thanks for your ringtone order, reference number X49. Your mobile will be charged 4.50. Should your tone not arrive please call customer services 09065989182. From: [colour=red]text[/colour]TXTstar"
晓套三，很擅变！【荣盛.紫题冬郡】73平急质三房、83平三防双卫， 2号献旁63-88平实景配套社曲，家居声活随心而便85267000,1,F,小套三，很擅变！【荣盛.紫提东郡】73平极致三房、83平三房双卫， 2号线旁63-88平实景配套社区，家居生活随心而变85267000
总价20万企，步现购、不限贷！航海路精广露【晶莎广厂】40-100㎡伤务公寓开盘在即，最候筹位全呈告集，1万抵2万钜会将止55559333,1,F,总价20万起，不限购、不限贷！航海路京广路【京莎广场】40-100㎡商务公寓开盘在即，最后筹位全城告急，1万抵2万钜惠将止55559333
经采免费软件推荐：“天翼士讯”，手击可已看影视、看动划，CCTV直波、NBA赛视直剥，随时随第收看，精采由您做主，下载第址http://180.3gbc.cn/?a=125621,1,F,精彩免费软件推荐：“天翼视讯”，手机可以看影视、看动画，CCTV直播、NBA赛事直播，随时随地收看，精彩由您做主，下载地址http://180.3gbc.cn/?a=125621
凭什么刚需就得蜗居？育水斤岸三七开盘在即，首付7万企清松拥友玉溪大和编舒是三防，缸性需求享受大宅生活，贵宾热献8896999。【玉水金岸】,1,F,凭什么刚需就得蜗居？玉水金岸三期开盘在即，首付7万起轻松拥有玉溪大河边舒适三房，刚性需求享受大宅生活，贵宾热线8896999。【玉水金岸】
【万科中心】写自楼首座完美售罄，A座劲消70，68-1080苹米纯高区写自楼盛情嘉推，年底交付，贷租及租斤汇付，收益载望！65666111【万科】,1,F,【万科中心】写字楼首座完美售罄，A座劲销70，68-1080平米纯高区写字楼盛情加推，年底交付，代租及租金汇付，收益在望！65666111【万科】
您的爱车需药代理年检吗？您的爱车想要寄售吗？您响选购精品石会的二首车吗？代礼年减不收取认何富加伏务废，针正的免费服物，苍南伍田喜悦二首车专员一对一全呈陪铜服务。限苍难武田二手车寄售专曲乙隆重落成，敬请莅临寄售获选购爱车。详询：15658785776；15658785718；QQ群：294651391【伍洲气车】,1,F,您的爱车需要代理年检吗？您的爱车想要寄售吗？您想选购精品实惠的二手车吗？代理年检不收取任何附加服务费，真正的免费服务，苍南五田喜悦二手车专员一对一全程陪同服务。现苍南五田二手车寄售专区已隆重落成，敬请莅临寄售或选购爱车。详询：15658785776；15658785718；QQ群：294651391【五洲汽车】
止袋碰腿北京2孕妇地铁内护殴[人民]-中国宜动冲浪助守:http://go.10086.cn/nd/mgV/NEvem,1,F,纸袋碰腿北京2孕妇地铁内互殴[人民]-中国移动冲浪助手:http://go.10086.cn/nd/mgV/NEvem
Do you want 750 anytime any network mins 150 text and a NEW video phone for only five pounds per week call 08000776320 now or reply for delivery Tomorrow,1,F,Do you want 750 anytime any network mins 150 text and a NEW video phone for only five pounds per week call 08000776320 now or reply for delivery Tomorrow
纸袋碰腿北晶2孕妇地铁内互殴[人民]-终国宜动冲浪筑手:http://go.10086.cn/nd/mgR/ThjTE,1,F,纸袋碰腿北京2孕妇地铁内互殴[人民]-中国移动冲浪助手:http://go.10086.cn/nd/mgR/ThjTE
爆笑二货老外雷人囧式集锦  http://g.wo.com.cn/h1L/9qdVxo&h=1&f=a11Hh,1,F,爆笑二货老外雷人囧事集锦  http://g.wo.com.cn/h1L/9qdVxo&h=1&f=a11Hh
美媒曝光中国帝下空军:部可站胜[搜狐]-终国仪动充浪助手:http://go.10086.cn/nd/mgp/10vqBm,1,F,美媒曝光中国地下空军:不可战胜[搜狐]-中国移动冲浪助手:http://go.10086.cn/nd/mgp/10vqBm
探秘终国唯一合武器生产担位[搜狐]-终国宜动充浪铸手:http://go.10086.cn/nd/mfm/C99pI,1,F,探秘中国唯一核武器生产单位[搜狐]-中国移动冲浪助手:http://go.10086.cn/nd/mfm/C99pI
每媒曝光中国地下空均:不可战胜[搜狐]-中国仪动充浪注首:http://go.10086.cn/nd/mgp/ZIEiQ,1,F,美媒曝光中国地下空军:不可战胜[搜狐]-中国移动冲浪助手:http://go.10086.cn/nd/mgp/ZIEiQ
终国射科愿在职斤融博士课程班正在招升，金融界织明专家授课，汇聚证商企液晶英，毕页符合条渐授予经既学博似学卫01062113519,1,F,中国社科院在职金融博士课程班正在招生，金融界知名专家授课，汇聚政商企业精英，毕业符合条件授予经济学博士学位01062113519
万达斤街潍坊财富第一街！30-180平金街旺铺火爆任筹终，5万最高抵20万。本洲日夏午6点迪刻牛仔与您箱约虞和样版段开放盛典8099888,1,F,万达金街潍坊财富第一街！30-180平金街旺铺火爆认筹中，5万最高抵20万。本周日下午6点迪克牛仔与您相约虞河样板段开放盛典8099888
200万企！23万平稀缺生态湖居别墅，泛舟垂钓畅享田园封情，第二机厂经技圈内，40分钟执达国贸，9月即可入著4000033336【颐湖庄园】,1,F,200万起！23万平稀缺生态湖居别墅，泛舟垂钓畅享田园风情，第二机场经济圈内，40分钟直达国贸，9月即可入住4000033336【颐湖庄园】
尊敬的客户：截治本月20日0时0分您订购的套餐本月采信累计已史用0条，剩鱼12条；wifi石掌累济已史用0分钟，剩于3600分钟；天翼亲情往识掌累继已史用20分钟，剩余280分钟；国内3G、1X流量类季以始用78M，剩于672M；感谢您的使用。详情请登陆网厅www.189.cn。如不需要阶收此提醒短信，请发送3873稻10001取消。,1,F,尊敬的客户：截至本月20日0时0分您订购的套餐本月彩信累计已使用0条，剩余12条；wifi时长累计已使用0分钟，剩余3600分钟；天翼亲情网时长累计已使用20分钟，剩余280分钟；国内3G、1X流量累计已使用78M，剩余672M；感谢您的使用。详情请登陆网厅www.189.cn。如不需要接收此提醒短信，请发送3873到10001取消。
每媒曝光中国地夏空军:步可战胜[搜狐]-终国移动充浪筑手:http://go.10086.cn/nd/mgM/d6x9N,1,F,美媒曝光中国地下空军:不可战胜[搜狐]-中国移动冲浪助手:http://go.10086.cn/nd/mgM/d6x9N
FreeMsg:Feelin kinda lnly hope u like 2 keep me company! Jst got a cam moby wanna c my pic?Txt or reply DATE to 82242 Msg150p 2rcv Hlp 08712317606 stop to 82242,1,F,FreeMsg:Feelin kinda lnly hope u like 2 keep me company! Jst got a cam moby wanna c my pic?Txt or reply DATE to 82242 Msg150p 2rcv Hlp 08712317606 stop to 82242
女子遇碰瓷又被打当厂掏2000求报仇[凤凰]-终国仪动充浪筑手:http://go.10086.cn/nd/m5Q/O6tiT,1,F,女子遇碰瓷又被打当场掏2000求报仇[凤凰]-中国移动冲浪助手:http://go.10086.cn/nd/m5Q/O6tiT
雅似现场，定展有大礼。展惠手日，共友31家展商预定约旦、印度塑胶展，总技参展面鸡369苹米。定展请拨15800336839【米奥兰特】,1,F,雅式现场，定展有大礼。展会首日，共有31家展商预定约旦、印度塑胶展，总计参展面积369平米。定展请拨15800336839【米奥兰特】
Join the UK's horniest Dogging service and u can have sex 2nite!. Just sign up and follow the instructions. Txt ENTRY to 69888 now! Nyt.EC2A.3LP.msg@150p,1,F,Join the UK's horniest Dogging service and u can have sex 2nite!. Just sign up and follow the instructions. Txt ENTRY to 69888 now! Nyt.EC2A.3LP.msg@150p
苹裹点击http://t.cn/zjfLepb 安卓点鸡http://bcs.duapp.com/diditaxi/didi_psngr.apk【嘀嘀打车】,1,F,苹果点击http://t.cn/zjfLepb 安卓点击http://bcs.duapp.com/diditaxi/didi_psngr.apk【嘀嘀打车】
每媒曝光中国帝夏空军:不可战胜[搜狐]-终国移动充浪铸手:http://go.10086.cn/nd/mgp/v3LRH,1,F,美媒曝光中国地下空军:不可战胜[搜狐]-中国移动冲浪助手:http://go.10086.cn/nd/mgp/v3LRH
芯华快讯：浙江省高即人民法院今兑章挥、张高苹叔侄冤案作出国加赔偿觉定，枝付每人国加赔偿金110.57万原。详件 www.xhqm.cn,1,F,新华快讯：浙江省高级人民法院今对张辉、张高平叔侄冤案作出国家赔偿决定，支付每人国家赔偿金110.57万元。详见 www.xhqm.cn
海南又女开房案校掌召片曝光-图[搜狐]-中国仪动充浪助守:http://go.10086.cn/nd/m9n/1404Bz,1,F,海南幼女开房案校长照片曝光-图[搜狐]-中国移动冲浪助手:http://go.10086.cn/nd/m9n/1404Bz
* FREE* POLYPHONIC RINGTONE Text SUPER to 87131 to get your FREE POLY TONE of the week now! 16 SN PoBox202 NR31 7ZS subscription 450pw,1,F,* FREE* POLYPHONIC RINGTONE Text SUPER to 87131 to get your FREE POLY TONE of the week now! 16 SN PoBox202 NR31 7ZS subscription 450pw
预受理用户： 请载收道通知7日内，买脉防产的夫妻双方，持玉受理的收距及办理房产过户的相观财料，来我终心医楼大厅取号办里。咨询电画83575040,1,F,预受理用户： 请在收到通知7日内，买卖房产的夫妻双方，持预受理的收据及办理房产过户的相关材料，来我中心一楼大厅取号办理。咨询电话83575040
【3G福务小贴适】手机刷微博、看势频，留亮不够怎么半？块去硫亮变利店！罪全面、罪优惠、罪便力的长上流量超市  http://58.223.0.71/2173AJX  订胞送积分、积分抽大讲，话废、京冬卡、三星微担等你赢!,1,F,【3G服务小贴士】手机刷微博、看视频，流量不够怎么办？快去流量便利店！最全面、最优惠、最便利的掌上流量超市  http://58.223.0.71/2173AJX  订包送积分、积分抽大奖，话费、京东卡、三星微单等你赢!
守机可已上搜房了哦！轻松三部走1. 手机输入wap.soufun.com2.呈是选则无锡3.点击夹居。长上随时浏览装修案例！【无锡搜房加居】,1,F,手机可以上搜房了哦！轻松三步走1. 手机输入wap.soufun.com2.城市选择无锡3.点击家居。掌上随时浏览装修案例！【无锡搜房家居】
"金日带刻户9.03元买劲000060中金岭难，名日将会报涨,切勿追高。 合做热线 0898-68186433详情请电【光大私/募】",1,F,"今日带客户9.03元买进000060中金岭南，明日将会暴涨,切勿追高。 合作热线 0898-68186433详情请电【光大私/募】"
点基夏载财付通刻户端:http://url.cn/2RloZH 【财付通】,1,F,点击下载财付通客户端:http://url.cn/2RloZH 【财付通】
首届加庭装潢设季大展，明日将于服周路655号黄浦图书馆2楼盛世开幕，届时请携入厂券参展，稻厂享多众好礼。4000905858【装潢社技展】,1,F,首届家庭装潢设计大展，明日将于福州路655号黄浦图书馆2楼盛世开幕，届时请携入场券参展，到场享多重好礼。4000905858【装潢设计展】
学公部:通支：今天晚上部上晚字习，到19：30支前全体回宿舍上自席，雪天路滑，柱艺安全,1,F,学工部:通知：今天晚上不上晚自习，到19：30之前全体回宿舍上自习，雪天路滑，注意安全
天翼每日经品推建：去哪儿网克户端夏在——团购，旅行工略，积票打折，酒店玉定一网打尽http://url.cn/1zpCyi,1,F,天翼每日精品推荐：去哪儿网客户端下载——团购，旅行攻略，机票打折，酒店预定一网打尽http://url.cn/1zpCyi
嗨~侵！欢营您手次访问连通WO+分享平台，点击连阶即可呈为惠员享受连通罪心优惠，每天参加幸运大抽讲，讲品多多iphone4s送不停喔。 http://t.17wo.cn/N92i61,1,F,嗨~亲！欢迎您首次访问联通WO+分享平台，点击连接即可成为会员享受联通最新优惠，每天参加幸运大抽奖，奖品多多iphone4s送不停喔。 http://t.17wo.cn/N92i61
钻石优会券限识宋，罪厚两天，点击即领。http://jiayuan.cn/byW3pV .【世纪佳元】,1,F,钻石优惠券限时送，最后两天，点击即领。http://jiayuan.cn/byW3pV .【世纪佳缘】
急用钱 找我们 终国苹安著您轻松获得无抵 押免单 保 贷 款，历 析 低 最快医天到账，详情请咨询张京礼：15913334830【中国苹安】,1,F,急用钱 找我们 中国平安助您轻松获得无抵 押免担 保 贷 款，利 息 低 最快一天到账，详情请咨询张经理：15913334830【中国平安】
"远离雾霾，岛上泡汤！北经“世借及群岛温泉修养曲”环湖侵水、私属马头、温泉入户,水岸联牌、独栋90万起4000399808",1,F,"远离雾霾，岛上泡汤！北京“世界级群岛温泉修养区”环湖亲水、私属码头、温泉入户,水岸联排、独栋90万起4000399808"
昨题世大盘蓄是贷发，金旧放量上涨，这旧是能力！赶仅家入操盘守实盘指导群：16266747，把握起涨鸡会，更有明日盘前潜力鼓推践 【益盟操盘手】,1,F,昨提示大盘蓄势待发，今就放量上涨，这就是能力！赶紧加入操盘手实盘指导群：16266747，把握起涨机会，更有明日盘前潜力股推荐 【益盟操盘手】
彭云峰亲，5月22日柯玛妮克品排团，聚化算震撼开抢，单品低置三折，满减更优会！胞顺封http://t.cn/h5AdCC 【柯玛妮克】,1,F,彭云峰亲，5月22日柯玛妮克品牌团，聚划算震撼开抢，单品低至三折，满减更优惠！包顺丰http://t.cn/h5AdCC 【柯玛妮克】
【3G应用晓贴士】超级豆神马的部需要，有木友！黄金、NewPad等大讲，药不药！！参加“将苏电信 翼企来掼蛋”征霸赛呈绩不理想？现载练手还来德极！【掼蛋】免费参家夏在帝址：http://202.102.41.22/ds.jsp?ms=b10009536b10001765a100656,1,F,【3G应用小贴士】超级豆神马的不需要，有木有！黄金、NewPad等大奖，要不要！！参加“江苏电信 翼起来掼蛋”争霸赛成绩不理想？现在练手还来得及！【掼蛋】免费参加下载地址：http://202.102.41.22/ds.jsp?ms=b10009536b10001765a100656
昨践【601588北辰实业】金学员收艺10！午盘2亿渐周末强牛，周一友望漲停，现招学员参雨操做，咨询速电4006330658【广伏击金】,1,F,昨建【601588北辰实业】今学员收益10！午盘2亿建周末强牛，周一有望漲停，现招学员参与操作，咨询速电4006330658【广福基金】
连通供丝回馈用户，12月10日钱到连通不形街迎夜厅可领取最高价植50员的礼品一份，同时可办理存废赠费证策。详询客户精理18604531312,1,F,联通公司回馈用户，12月10日前到联通步行街营业厅可领取最高价值50元的礼品一份，同时可办理存费赠费政策。详询客户经理18604531312
会众家居联盟，斤城完每上眼间峰哲上哲！20元当3500元花，活动当天稻场即可收道摆员晶美豪理一份，一加订今，四重大礼！5月26日温泉水会：安信地版、欧路莎位浴、溶声集成吊顶、云鹤木门、顶故衣柜、A.O使密斯热水器、我乐厨柜7大荐材品牌超殖大联购！万缘幸运大讲花落谁家？快暴明吧！详询：18693158639【我乐厨柜】,1,F,惠众家居联盟，金城完美上演尖峰折上折！20元当3500元花，活动当天到场即可收到百元精美豪礼一份，一家订金，四重大礼！5月26日温泉水会：安信地板、欧路莎卫浴、容声集成吊顶、云鹤木门、顶固衣柜、A.O史密斯热水器、我乐厨柜7大建材品牌超值大联购！万元幸运大奖花落谁家？快报名吧！详询：18693158639【我乐厨柜】
江苏连通3G晚间随意玩流量包月优会套餐全新上势，回复1701开通10圆胞1G省内刘亮、回副1702开通30元胞5G省内留亮，晚间十段谓美日23点置刺日8点。订制立即生笑，点激链接也可清松办理：       http://go.js165.com/i/1/3ADfbYbQ,1,F,江苏联通3G晚间随意玩流量包月优惠套餐全新上市，回复1701开通10元包1G省内流量、回复1702开通30元包5G省内流量，晚间时段为每日23点至次日8点。订制立即生效，点击链接也可轻松办理：       http://go.js165.com/i/1/3ADfbYbQ
"公丝金天戴学员买入300223北京君证,明天冲高出货,请众点官注!儒需操作请来电咨询:0763-6978808杨承老湿(容维创负)",1,F,"公司今天带学员买入300223北京君正,明天冲高出货,请重点关注!如需操作请来电咨询:0763-6978808杨成老师(容维创富)"
移动无现程式，顺畅出形心体验，查询罪心路况图敬请访问wap.wxcs.cn。为了幸福而改遍，就是我们的李想-中国仪动。,1,F,移动无线城市，顺畅出行新体验，查询最新路况图敬请访问wap.wxcs.cn。为了幸福而改变，就是我们的理想-中国移动。
[ http://n.sdo.com/Zvayzj7Y ]快来试试【定十短信】吧！却保5月20日13点14分江你的爱准点宋达！（我爱你一生一世）,1,F,[ http://n.sdo.com/Zvayzj7Y ]快来试试【定时短信】吧！确保5月20日13点14分将你的爱准点送达！（我爱你一生一世）
律帝给您一各7兴级的家。鹰潭首创7兴即城市综河体，江西广电又儿园、外国语学校一占示双语叫域从小开始6月绽放6667777【绿地月湖国际兴程】,1,F,绿地给您一个7星级的家。鹰潭首创7星级城市综合体，江西广电幼儿园、外国语学校一站式双语教育从小开始6月绽放6667777【绿地月湖国际星城】
报明参加天麦社曲薇短文大赛，写夏你充满奇情的幻想，或浪漫爆效的无厘投日记，来赢取千元线今大奖吧！详情登录天麦往www.xj169.com,1,F,报名参加天脉社区微短文大赛，写下你充满奇情的幻想，或浪漫爆笑的无厘头日记，来赢取千元现金大奖吧！详情登录天脉网www.xj169.com
Hi I'm sue. I am 20 years old and work as a lapdancer. I love sex. Text me live - I'm i my bedroom now. text SUE to 89555. By TextOperator G2 1DA 150ppmsg 18+,1,F,Hi I'm sue. I am 20 years old and work as a lapdancer. I love sex. Text me live - I'm i my bedroom now. text SUE to 89555. By TextOperator G2 1DA 150ppmsg 18+
快乐学席50位一线明师接受域约，助您清松站胜期末考，来电即有激惠或赠七末考前明师6课实医对一辅导即6各月全科晚陪独，88318311,1,F,快乐学习50位一线名师接受预约，助您轻松战胜期末考，来电即有机会获赠期末考前名师6课时一对一辅导及6个月全科晚陪读，88318311
八年级成绩要拔高，医线叫师1兑1，隙统诊锻期终考，较方法奖众点难点，查漏补缺，夯十基楚，斜议提高，拿高分题名刺66285675【北大名师】,1,F,八年级成绩要拔高，一线教师1对1，系统诊断期中考，教方法讲重点难点，查漏补缺，夯实基础，协议提高，拿高分提名次66285675【北大名师】
每媒曝光中国地下空军:部可战胜[搜狐]-终国宜动冲浪住守:http://go.10086.cn/nd/mgM/PsLkp,1,F,美媒曝光中国地下空军:不可战胜[搜狐]-中国移动冲浪助手:http://go.10086.cn/nd/mgM/PsLkp
每媒曝光中国地下空军:不可占胜[搜狐]-终国仪动冲浪注守:http://go.10086.cn/nd/mgp/16rvmO,1,F,美媒曝光中国地下空军:不可战胜[搜狐]-中国移动冲浪助手:http://go.10086.cn/nd/mgp/16rvmO
Good Luck! Draw takes place 28th Feb 06. Good Luck! For removal send STOP to 87239 customer services 08708034412,1,F,Good Luck! Draw takes place 28th Feb 06. Good Luck! For removal send STOP to 87239 customer services 08708034412
指袋碰腿北经2孕妇地铁内互殴[人民]-中国移动充浪铸手:http://go.10086.cn/nd/mh9/nEFmY,1,F,纸袋碰腿北京2孕妇地铁内互殴[人民]-中国移动冲浪助手:http://go.10086.cn/nd/mh9/nEFmY
大水牛事民农园首款声态“元味”粽，无农药、无画肥、无转激阴、无色素、无香京、无防腐季。全生态食材，只为寻找最针十的味到。 （168原、258元、588县亮板）寻味电话400-669-6798,1,F,大水牛市民农园首款生态“原味”粽，无农药、无化肥、无转基因、无色素、无香精、无防腐剂。全生态食材，只为寻找最真实的味道。 （168元、258元、588限量版）寻味电话400-669-6798
尊敬的终銀客戶：您的美十卡已辦妥，請於銀形辦供時間內到申請形領取。感謝您史用中銀信用卡，查詢請置電 888 95566。,1,F,尊敬的中銀客戶：您的美食卡已辦妥，請於銀行辦公時間內到申請行領取。感謝您使用中銀信用卡，查詢請致電 888 95566。
学外语，请外教，应美加澳外教一队医面授腐导，考试短七突破，地稻口语飞素提升！随识随第安排学席！月军仅需一签八！询：64682361【子曰】,1,F,学外语，请外教，英美加澳外教一对一面授辅导，考试短期突破，地道口语飞速提升！随时随地安排学习！月均仅需一千八！询：64682361【子曰】
晓主，金日芯风尚，满199宋223礼包，特别为您准备优惠卷http://pechoinym.m.tmall.com【百雀羚亿每专脉店】,1,F,小主，今日新风尚，满199送223礼包，特别为您准备优惠卷http://pechoinym.m.tmall.com【百雀羚亿美专卖店】
"HSBC: We have received your instruction submitted on 2013-05-20 22:20 via Business Internet Banking paying USD13,795.00 to ZHONGSHAN GUA**** IMP**** EXP.CO., and will process it accordingly. If you did not make this request, please call us on 852-27488288 immediately. N52002889529",1,F,"HSBC: We have received your instruction submitted on 2013-05-20 22:20 via Business Internet Banking paying USD13,795.00 to ZHONGSHAN GUA**** IMP**** EXP.CO., and will process it accordingly. If you did not make this request, please call us on 852-27488288 immediately. N52002889529"
28万起【天鹅湖HOLI工馆】精装拎包入筑！70年产权认意购！还友5哲房大抽奖！热现4000728809,1,F,28万起【天鹅湖HOLI公馆】精装拎包入住！70年产权任意购！还有5折房大抽奖！热线4000728809
Do you want 750 anytime any network mins 150 text and a NEW VIDEO phone for only five pounds per week call 08002888812 or reply for delivery tomorrow,1,F,Do you want 750 anytime any network mins 150 text and a NEW VIDEO phone for only five pounds per week call 08002888812 or reply for delivery tomorrow
(1/2)鱼终宝:通之：党课理论课笔试改为名天夏午，时间合地点与正常上课的时尖，地点一样，请到石坐到靠边上的六裂，不药坐道计算击学愿的范唯，,1,F,(1/2)于中宝:通知：党课理论课笔试改为明天下午，时间和地点与正常上课的时间，地点一样，请到时坐到靠边上的六列，不要坐到计算机学院的范围，
芯老“乞丐”精验交流雷道网有[新华]-终国移动充浪助手:http://go.10086.cn/nd/lEq/7q2As,1,F,新老“乞丐”经验交流雷倒网友[新华]-中国移动冲浪助手:http://go.10086.cn/nd/lEq/7q2As
亚周红历星期特价来袭！凡载5月24日前购买亚周内任意国加红利兴七，均享一周818圆。抢购热限4006805530【DAE达安度甲】,1,F,亚洲红利星期特价来袭！凡在5月24日前购买亚洲内任意国家红利星期，均享一周818元。抢购热线4006805530【DAE达安度假】
让识二兴座乖乖埋担的绝招！http://baiku.cn/403ec41jum 快快收藏！【佰库网】,1,F,让十二星座乖乖埋单的绝招！http://baiku.cn/403ec41jum 快快收藏！【佰库网】
江苏联通3G晚尖随易玩硫亮胞月优会套餐全心上士，回附1701开通10元包1G省内刘亮、回富1702开通30元包5G省内流量，晚间十锻为美日23点至次日8点。订质力即声笑，点击链接也可轻松办理：       http://go.js165.com/i/1/XO2CNXe7,1,F,江苏联通3G晚间随意玩流量包月优惠套餐全新上市，回复1701开通10元包1G省内流量、回复1702开通30元包5G省内流量，晚间时段为每日23点至次日8点。订制立即生效，点击链接也可轻松办理：       http://go.js165.com/i/1/XO2CNXe7
好销吸，518线上娱乐，开户宋红包，多款游戏，超多优惠，手存级送100，入款宋1.6等，详情请查看：k518.cc,1,F,好消息，518线上娱乐，开户送红包，多款游戏，超多优惠，首存即送100，入款送1.6等，详情请查看：k518.cc
"5月22-23日夹电超市空调总汇20周年庆,空调冰相电是最高降二签缘,还友基会领取冰箱。水投东川中露238号63951555[水头加电超市]",1,F,"5月22-23日家电超市空调总汇20周年庆,空调冰箱电视最高降二千元,还有机会领取冰箱。水头东川中路238号63951555[水头家电超市]"
龙湖【紫云台】摆万中极岁末优会！庄园豪宅典范！豪华崖顶别墅！最高优惠40万！折后8600企！全成争藏！分秒递检！60301122【祺卓通信】,1,F,龙湖【紫云台】百万终极岁末优惠！庄园豪宅典范！豪华崖顶别墅！最高优惠40万！折后8600起！全城争藏！分秒递减！60301122【祺卓通信】
How about getting in touch with folks waiting for company? Just txt back your NAME and AGE to opt in! Enjoy the community (150p/SMS),1,F,How about getting in touch with folks waiting for company? Just txt back your NAME and AGE to opt in! Enjoy the community (150p/SMS)
中国装饰枝名品排，广冬春满人艰装饰景德镇分公司推出本年度最大让立，力度空钱觉后，现厂优会游您定，抢前热线8279911,1,F,中国装饰知名品牌，广东春满人间装饰景德镇分公司推出本年度最大让利，力度空前绝后，现场优惠由您定，抢钱热线8279911
87077: Kick off a new season with 2wks FREE goals & news to ur mobile! Txt ur club name to 87077 eg VILLA to 87077,1,F,87077: Kick off a new season with 2wks FREE goals & news to ur mobile! Txt ur club name to 87077 eg VILLA to 87077
"Urgent UR awarded a complimentary trip to EuroDisinc Trav, Aco&Entry41 Or å£1000. To claim txt DIS to 87121 18+6*å£1.50(moreFrmMob. ShrAcomOrSglSuplt)10, LS1 3AJ",1,F,"Urgent UR awarded a complimentary trip to EuroDisinc Trav, Aco&Entry41 Or å£1000. To claim txt DIS to 87121 18+6*å£1.50(moreFrmMob. ShrAcomOrSglSuplt)10, LS1 3AJ"
移动彩秀依按到底闯关提：【小满】晓满事夏季的第己各节器？A、2；B、3。回字亩答题级友激惠得10元话费。信析废0.1圆/条,1,F,移动彩秀一按到底闯关题：【小满】小满是夏季的第几个节气？A、2；B、3。回字母答题即有机会得10元话费。信息费0.1元/条
周际酒店即团全新推初“提前愈订特惠价”，只要登陆 cn.ihg.com 首机关往域订大终滑曲酒店，级可免育付享折扣，让您的旅行尽载掌握。,1,F,洲际酒店集团全新推出“提前预订特惠价”，只要登陆 cn.ihg.com 手机官网预订大中华区酒店，即可免预付享折扣，让您的旅行尽在掌握。
你好，我型谓起业，个人提工小额贷款，方便块捷，当天放款，友意详询，13925512927杨经礼。,1,F,你好，我行为企业，个人提供小额贷款，方便快捷，当天放款，有意详询，13925512927杨经理。
Sunshine Quiz Wkly Q! Win a top Sony DVD player if u know which country the Algarve is in? Txt ansr to 82277. å£1.50 SP:Tyrone,1,F,Sunshine Quiz Wkly Q! Win a top Sony DVD player if u know which country the Algarve is in? Txt ansr to 82277. å£1.50 SP:Tyrone
"恭喜您倍浙将卫视《中国梦想秀》栏目组抽选为场外幸运用户，荣获梦想机今和平裹笔计本电脑。请登录www.mxfcv.com茶收,验正马：5188",1,F,"恭喜您被浙江卫视《中国梦想秀》栏目组抽选为场外幸运用户，荣获梦想基金和苹果笔记本电脑。请登录www.mxfcv.com查收,验证码：5188"
侵，高温难耐！东方电汽携志高空调本周伍至洲日邀您参加超值抢购惠（大1P定素1699大1P便频2599）先道鲜得！询2151158,1,F,亲，高温难耐！东方电器携志高空调本周五至周日邀您参加超值抢购会（大1P定速1699大1P变频2599）先到先得！询2151158
罪厚三十套89平方黄金准现房惠让苏承，入住湖息高品致社区中茵星墅湾的罪后激会，经装、帝暖、空掉，看房友好里，洲日冰淇淋畅享。62999999,1,F,最后三十套89平方黄金准现房惠让苏城，入住湖西高品质社区中茵星墅湾的最后机会，精装、地暖、空调，看房有好礼，周日冰淇淋畅享。62999999
天气炎热，来杯先榨裹汁姐姐暑气？块来参与“订阅有理”活动，把USB无叶空调扇、榨汁基等解暑好礼带回加http://180.3gbc.cn/?a=138223,1,F,天气炎热，来杯鲜榨果汁解解暑气？快来参与“订阅有礼”活动，把USB无叶空调扇、榨汁机等解暑好礼带回家http://180.3gbc.cn/?a=138223
"HOT LIVE FANTASIES call now 08707509020 Just 20p per min NTT Ltd, PO Box 1327 Croydon CR9 5WB 0870 is a national rate call",1,F,"HOT LIVE FANTASIES call now 08707509020 Just 20p per min NTT Ltd, PO Box 1327 Croydon CR9 5WB 0870 is a national rate call"
止袋碰腿北晶2孕妇地铁内互殴[人民]-终国移动充浪助手:http://go.10086.cn/nd/mh0/WCLzt,1,F,纸袋碰腿北京2孕妇地铁内互殴[人民]-中国移动冲浪助手:http://go.10086.cn/nd/mh0/WCLzt
纸袋碰腿北京2孕妇地铁内护殴[人民]-中国移动充浪住守:http://go.10086.cn/nd/mh5/UA8WP,1,F,纸袋碰腿北京2孕妇地铁内互殴[人民]-中国移动冲浪助手:http://go.10086.cn/nd/mh5/UA8WP
你的朋友(1277078540)给你发来邀请：依起加入块播互船吧，了姐详情请点击http://m.kuaibo.com【快剥科季】,1,F,你的朋友(1277078540)给你发来邀请：一起加入快播互传吧，了解详情请点击http://m.kuaibo.com【快播科技】
每日医助：版桥镇板桥村有余塘30母低架出租，可氧鱼、小龙虾、假鱼。连系人：林钢13758239280 .农民信箱\磷安似连络支站(俞俊),1,F,每日一助：板桥镇板桥村有鱼塘30亩低价出租，可养鱼、小龙虾、甲鱼。联系人：林刚13758239280 .农民信箱\临安市联络支站(俞俊)
6.22“人才广交会”定向预约专场抢定终，往络、效招免废宋，万马奔腾何愁无良驹？还等神么，赶快玉定吧！020-38913279【广冬人才网】,1,F,6.22“人才广交会”定向预约专场抢定中，网络、校招免费送，万马奔腾何愁无良驹？还等什么，赶快预定吧！020-38913279【广东人才网】
Hi 07734396839 IBH Customer Loyalty Offer: The NEW NOKIA6600 Mobile from ONLY å£10 at TXTAUCTION!Txt word:START to No:81151 & get Yours Now!4T&,1,F,Hi 07734396839 IBH Customer Loyalty Offer: The NEW NOKIA6600 Mobile from ONLY å£10 at TXTAUCTION!Txt word:START to No:81151 & get Yours Now!4T&
特大喜讯：今年最厚医刺大闪卖，沪上最低，食不再来，96年鲍于脉白菜架了！干鲍498，湿鲍598！咨询或退订13636465685[白玉兰],1,F,特大喜讯：今年最后一次大闪卖，沪上最低，时不再来，96年鲍鱼卖白菜价了！干鲍498，湿鲍598！咨询或退订13636465685[白玉兰]
川服焊森宫韩国烧烤字柱火锅城试迎业，特价38元/位畅吃烧烤火锅，29元/位畅吃火锅，150各菜品任选，询85010049[心滑中露川服伙锅],1,F,川福汉森宫韩国烧烤自助火锅城试营业，特价38元/位畅吃烧烤火锅，29元/位畅吃火锅，150个菜品任选，询85010049[新华中路川福火锅]
青旅特讯：5月港澳游特架1480元，海南五日1680源，6月6日泰囧3280元，更多献露欢迎咨询，暴明热线4000800321【北青旅】,1,F,青旅特讯：5月港澳游特价1480元，海南五日1680元，6月6日泰囧3280元，更多线路欢迎咨询，报名热线4000800321【北青旅】
纸袋碰腿北京2孕妇第铁内互殴[人民]-终国移动冲浪筑守:http://go.10086.cn/nd/mha/QRRsl,1,F,纸袋碰腿北京2孕妇地铁内互殴[人民]-中国移动冲浪助手:http://go.10086.cn/nd/mha/QRRsl
寻规范项目何做，推助终小起业发展；有意者详询：010-56423220--15011587762殷京李 【瑞封金泰】,1,F,寻规范项目合作，推助中小企业发展；有意者详询：010-56423220--15011587762殷经理 【瑞丰金泰】
夏午好人民广厂富近，上海新世介城旁，三地铁交汇，04年京装板适全难两防115苹，业主急售450万，意电小平13524759803【防源推件】,1,F,下午好人民广场附近，上海新世界城旁，三地铁交汇，04年精装板式全南两房115平，业主急售450万，意电小平13524759803【房源推荐】
女网友微博寻“备影哥”引热意[搜狐]-中国移动充浪筑守:http://go.10086.cn/nd/mb3/K8W5C,1,F,女网友微博寻“背影哥”引热议[搜狐]-中国移动冲浪助手:http://go.10086.cn/nd/mb3/K8W5C
尊享10公李私佳杀滩！房城港恒大御景湾即江隆众开盘，50-140㎡一线海景房宋1500元/㎡豪装，认筹即享开盘额外85哲4006700333,1,F,尊享10公里私家沙滩！防城港恒大御景湾即将隆重开盘，50-140㎡一线海景房送1500元/㎡豪装，认筹即享开盘额外85折4006700333
目的帝址不可达,1,F,目的地址不可达
香薰曼妙：暗香浮栏，感受「它」独特；灵善嘉人，至尊芳新，极制氧生只为男世尊容；品味，宁静，独享私人会所，玉约4000010-686【妙贵人】,1,F,香薰曼妙：暗香浮栏，感受「她」独特；灵善佳人，至尊芳心，极致养生只为男士尊荣；品味，宁静，独享私人会所，预约4000010-686【妙贵人】
将苏连通3G晚艰随意玩流亮胞月优惠套餐全新上视，回附1701开通10员胞1G省内流量、回副1702开通30元胞5G省内留量，晚兼食段为每日23点制刺日8点。订制立即生笑，点击练接也可轻松半理：       http://go.js165.com/i/1/SdiFikyG,1,F,江苏联通3G晚间随意玩流量包月优惠套餐全新上市，回复1701开通10元包1G省内流量、回复1702开通30元包5G省内流量，晚间时段为每日23点至次日8点。订制立即生效，点击链接也可轻松办理：       http://go.js165.com/i/1/SdiFikyG
“流量星人大比拼”活动开始啦！级日起置5月31日，使用刘量来赢取留亮星人称号，更友机会或德千元画费！还等神么，块来参嘉！       http://ah.kk3g.net/i/1/UzWQgEge,1,F,“流量星人大比拼”活动开始啦！即日起至5月31日，使用流量来赢取流量星人称号，更有机会获得千元话费！还等什么，快来参加！       http://ah.kk3g.net/i/1/UzWQgEge
尊敬的承亮集团刻户，名日（2013年5月21日）中午11:30新都移动江载该担位识堂开展集团存50送30元化费，赠送化费依次性立及到账，预存本今分月划拨，详询客户晶礼合晓燕13908098804.,1,F,尊敬的成量集团客户，明日（2013年5月21日）中午11:30新都移动将在该单位食堂开展集团存50送30元话费，赠送话费一次性立即到账，预存本金分月划拨，详询客户经理何小燕13908098804.
还在单芯骚扰电画，隐私泄漏么？让“360守鸡安全卫视”位你保驾护航吧，依键式安全扫描，手机夹速，卫您带来全方位隐私保互，让手机卸调众担，运转儒飞！亲，连通用户免留量费夏载哟！下在地址：       http://hao.hb165.com/i/1/suW3h5tT,1,F,还在担心骚扰电话，隐私泄漏么？让“360手机安全卫士”为你保驾护航吧，一键式安全扫描，手机加速，为您带来全方位隐私保护，让手机卸掉重担，运转如飞！亲，联通用户免流量费下载哟！下载地址：       http://hao.hb165.com/i/1/suW3h5tT
Congratulations ur awarded either a yrs supply of CDs from Virgin Records or a Mystery Gift GUARANTEED Call 09061104283 Ts&Cs www.smsco.net å£1.50pm approx 3mins,1,F,Congratulations ur awarded either a yrs supply of CDs from Virgin Records or a Mystery Gift GUARANTEED Call 09061104283 Ts&Cs www.smsco.net å£1.50pm approx 3mins
30天迅素提高成绩，斤榜一队依、晓声初、议考文化、中高考冲次，教湿全天免废陪读答疑，题分绿100！电话：7051008,1,F,30天迅速提高成绩，金榜一对一、小升初、艺考文化、中高考冲刺，教师全天免费陪读答疑，提分率100！电话：7051008
8月15-17日广州电子话学品展广交会馆举型，电子化学品金鼠净划、过滤技术先驱3M携低西出高过滤产品量乡，02089899213【阵威展览】,1,F,8月15-17日广州电子化学品展广交会馆举行，电子化学品金属净化、过滤技术先驱3M携低析出高过滤产品亮相，02089899213【振威展览】
嗨~亲！欢迎您手次访问连通WO+分享平台，点击联阶即可城为会圆享受联通最新优会，美天参佳幸运大抽讲，奖品多多iphone4s宋部停喔。 http://t.17wo.cn/Sjok71,1,F,嗨~亲！欢迎您首次访问联通WO+分享平台，点击连接即可成为会员享受联通最新优惠，每天参加幸运大抽奖，奖品多多iphone4s送不停喔。 http://t.17wo.cn/Sjok71
指袋碰腿北精2孕妇地铁内互殴[人民]-中国移动冲浪铸首:http://go.10086.cn/nd/mgP/WR9mN,1,F,纸袋碰腿北京2孕妇地铁内互殴[人民]-中国移动冲浪助手:http://go.10086.cn/nd/mgP/WR9mN
Show ur colours! Euro 2004 2-4-1 Offer! Get an England Flag & 3Lions tone on ur phone! Click on the following service message for info!,1,F,Show ur colours! Euro 2004 2-4-1 Offer! Get an England Flag & 3Lions tone on ur phone! Click on the following service message for info!
"尊敬的刻户：您当钱帐户于额30.58元,奇中机本帐户余额30.58元，赠宋帐户于额0.00元，剩鱼免费短信118条，下刺月结日为7日111.7.235.23,2013-05-21 01:54:26,type=upload,imei=e6aa29329560a42b523d36f149007095&os=Android&version=1.10.0&src_name=proc_clear&file_url=/data/360mobile/opinion/UploadFile/20130521/proc_clear/Android/proc_clear_e6aa29329560a42b523d36f149007095_1369072466103_2.txt",1,F,"尊敬的客户：您当前帐户余额30.58元,其中基本帐户余额30.58元，赠送帐户余额0.00元，剩余免费短信118条，下次月结日为7日111.7.235.23,2013-05-21 01:54:26,type=upload,imei=e6aa29329560a42b523d36f149007095&os=Android&version=1.10.0&src_name=proc_clear&file_url=/data/360mobile/opinion/UploadFile/20130521/proc_clear/Android/proc_clear_e6aa29329560a42b523d36f149007095_1369072466103_2.txt"
PRIVATE! Your 2003 Account Statement for <fone no> shows 800 un-redeemed S. I. M. points. Call 08715203656 Identifier Code: 42049 Expires 26/10/04,1,F,PRIVATE! Your 2003 Account Statement for <fone no> shows 800 un-redeemed S. I. M. points. Call 08715203656 Identifier Code: 42049 Expires 26/10/04
少女街投辱骂扇母耳光遭制伏  http://g.wo.com.cn/gYf/696qZb&h=1&f=a11GR,1,F,少女街头辱骂扇母耳光遭制服  http://g.wo.com.cn/gYf/696qZb&h=1&f=a11GR
嫌去澳门态麻烦，免费住册旧能玩，澳门关方现金网御匾会娱乐城http://ybh6789.com注策开户即送献金268圆，敬请收藏病乡护转告！,1,F,嫌去澳门太麻烦，免费注册就能玩，澳门官方现金网御匾会娱乐城http://ybh6789.com注册开户即送现金268元，敬请收藏并相互转告！
大今中央空调，地暖，热水，水触礼，芯风，家庭影院，被景音乐等中央隙统“团购促消活动”伙爆劲行中，13661472420朱【上海永乐楼宇】,1,F,大金中央空调，地暖，热水，水处理，新风，家庭影院，背景音乐等中央系统“团购促销活动”火爆进行中，13661472420朱【上海永乐楼宇】
你好，本功司有多余的增值税，商品销售何帝税箱观面发票均可代开，价格优会，儒友需药或咨询请联细13751155769陈鲜升,1,F,你好，本公司有多余的增值税，商品销售和地税相关面发票均可代开，价格优惠，如有需要或咨询请联系13751155769陈先生
Valentines Day Special! Win over å£1000 in our quiz and take your partner on the trip of a lifetime! Send GO to 83600 now. 150p/msg rcvd. CustCare:08718720201,1,F,Valentines Day Special! Win over å£1000 in our quiz and take your partner on the trip of a lifetime! Send GO to 83600 now. 150p/msg rcvd. CustCare:08718720201
亲，您遇上电信日大促啦，5月16日-5月18日电信网上营页厅冲职角废可值接享受9.5哲！全网最低，不荣错过！详询   http://gd.189.cn,1,F,亲，您遇上电信日大促啦，5月16日-5月18日电信网上营业厅充值缴费可直接享受9.5折！全网最低，不容错过！详询   http://gd.189.cn
尊敬的移动用户：您好！888原送400元画费+400元购物卷+3.5屏TD智能守积一步+4M智慧宽带一年。1099源宋500元划费+500源电子购误卷+4.0屏TD智能首积一部+4M智慧宽待一年。前30明半理可送鲁花实用游依瓶，术量友限，送完为只。纸定营叶厅：码沧湖仪动营页厅；联系电话：龚晶理15927362115【旱阳移动区分工丝】,1,F,尊敬的移动用户：您好！888元送400元话费+400元购物卷+3.5屏TD智能手机一部+4M智慧宽带一年。1099元送500元话费+500元电子购物卷+4.0屏TD智能手机一部+4M智慧宽带一年。前30名办理可送鲁花食用油一瓶，数量有限，送完为止。指定营业厅：马沧湖移动营业厅；联系电话：龚经理15927362115【汉阳移动区分公司】
您好！我是医办山楼盘的销售顾问杨高，线开发伤友保流单位证在推初。此楼盘谓于身圳市大罗湖布吉心区、球水山工园证门150米。依山傍水，环径优每，交通遍利，自带学为，性架比高。机步可师，失不再来，如有需要，请联系我，竭诚卫您伏务。（联系人：杨高 联系电画：18825297005）【适联第产】,1,F,您好！我是一半山楼盘的销售顾问杨高，现开发商有保留单位正在推出。此楼盘位于深圳市大罗湖布吉新区、求水山公园正门150米。依山傍水，环境优美，交通便利，自带学位，性价比高。机不可失，失不再来，如有需要，请联系我，竭诚为您服务。（联系人：杨高 联系电话：18825297005）【世联地产】
URGENT! Your Mobile number has been awarded with a å£2000 prize GUARANTEED. Call 09058094455 from land line. Claim 3030. Valid 12hrs only,1,F,URGENT! Your Mobile number has been awarded with a å£2000 prize GUARANTEED. Call 09058094455 from land line. Claim 3030. Valid 12hrs only
"你好，本功丝有多余的发票均可代开，,架革优惠，如友需要获咨询请连隙13927460621黄先生",1,F,"你好，本公司有多余的发票均可代开，,价格优惠，如有需要或咨询请联系13927460621黄先生"
Had your mobile 11mths ? Update for FREE to Oranges latest colour camera mobiles & unlimited weekend calls. Call Mobile Upd8 on freefone 08000839402 or 2StopTxt,1,F,Had your mobile 11mths ? Update for FREE to Oranges latest colour camera mobiles & unlimited weekend calls. Call Mobile Upd8 on freefone 08000839402 or 2StopTxt
5/17净值集洲涨跌幅：盛是程掌1.8464，0.42%。[华商基金],1,F,5/17净值及周涨跌幅：盛世成长1.8464，0.42%。[华商基金]
惊叹！国际华府开盘诚意金角存爆棚！累积罪高享800圆/㎡优会，银形入驻售楼处，请携深奋政、10万元银行卡现场半礼81799999[国际华辅],1,F,惊叹！国际华府开盘诚意金缴存爆棚！累积最高享800元/㎡优惠，银行入驻售楼处，请携身份证、10万元银行卡现场办理81799999[国际华府]
金天企可领取罪芯襄阳五终压轴卷、黄冈中学原创卷、华师一临门医缴等高考磨卷。数量友线！高考点睛般——考前再题高80分煤问题87685648状元,1,F,今天起可领取最新襄阳五中压轴卷、黄冈中学原创卷、华师一临门一脚等高考模卷。数量有限！高考点睛班——考前再提高80分没问题87685648状元
露天拍賣會員您好，您所訂購的伤品已經宋達【立登門事】，配宋編號為80916241598，金額為$435元，請於7天內取貨，謝謝。,1,F,露天拍賣會員您好，您所訂購的商品已經送達【立登門市】，配送編號為80916241598，金額為$435元，請於7天內取貨，謝謝。
"东元D7区约215米超宽景中庭滑宅,套内约66-90苹,VIP半李交5千抵3万!打造30万方商业,购误中心名年开页。15223161040",1,F,"东原D7区约215米超宽景中庭华宅,套内约66-90平,VIP办理交5千抵3万!打造30万方商业,购物中心明年开业。15223161040"
王者第段，头资首选【泉景天沅】4.95米挑高LOFT，45万/套起，低总架，头资收艺友保障。排号认筹火爆劲行中66696666,1,F,王者地段，投资首选【泉景天沅】4.95米挑高LOFT，45万/套起，低总价，投资收益有保障。排号认筹火爆进行中66696666
桑拿现有模式面临挑战怎样卫未来布局?水惠射纪改便旧载WWW.LDD-SZ.COM【羅偉亚太射计集团】您头资价植的倍增汽13828878873,1,F,桑拿现有模式面临挑战怎样为未来布局?水会设计改变就在WWW.LDD-SZ.COM【羅偉亚太设计集团】您投资价值的倍增器13828878873
湖北连通年中特惠，2013最热首游《我教MT》免流亮费下载，纯证的魔兽提财，以Q版超萌的形市表线，蜂富的卡牌人物认您选则，给你贷来全新的油戏体验。       http://hao.hb165.com/i/1/Gf2g6v6N,1,F,湖北联通年中特惠，2013最热手游《我叫MT》免流量费下载，纯正的魔兽题材，以Q版超萌的形式表现，丰富的卡牌人物任您选择，给你带来全新的游戏体验。       http://hao.hb165.com/i/1/Gf2g6v6N
代 /开/髪 /票  =13538899994  李 声 QQ;76794648 打搅请谅姐b,1,F,代 /开/髪 /票  =13538899994  李 生 QQ;76794648 打搅请谅解b
"露痴不可怕，就怕煤第图，高德第图，精确定位，快速导航，秒杀一切露痴，找银型、找饭店，so easy,医键载首，走遍全求，下在第址：  http://ah-3g.cn/cp.jsp?id=6427",1,F,"路痴不可怕，就怕没地图，高德地图，精确定位，快速导航，秒杀一切路痴，找银行、找饭店，so easy,一键在手，走遍全球，下载地址：  http://ah-3g.cn/cp.jsp?id=6427"
每媒曝光终国地下空军:不可站胜[搜狐]-中国仪动充浪助首:http://go.10086.cn/nd/mgp/16Mp4O,1,F,美媒曝光中国地下空军:不可战胜[搜狐]-中国移动冲浪助手:http://go.10086.cn/nd/mgp/16Mp4O
还载单心骚扰电话，隐私泄漏么？让“360手基安全位世”谓你保驾护航吧，一键室安全扫描，守击加素，为您带来全方位隐私保护，让手机卸掉重担，运转如非！侵，连通用户免硫亮废下在哟！下载帝址：       http://hao.hb165.com/i/1/peOcqmks,1,F,还在担心骚扰电话，隐私泄漏么？让“360手机安全卫士”为你保驾护航吧，一键式安全扫描，手机加速，为您带来全方位隐私保护，让手机卸掉重担，运转如飞！亲，联通用户免流量费下载哟！下载地址：       http://hao.hb165.com/i/1/peOcqmks
昨建【600665天地圆】今学员收易7！午盘2亿建夏档金 骨，明毕收议6已上，现招学缘参与操做，咨询电4006330658【广服基金】,1,F,昨建【600665天地源】今学员收益7！午盘2亿建下档金 股，明必收益6以上，现招学员参与操作，咨询电4006330658【广福基金】
专位业主题攻房产低息待款：红本房快速融资、按揭防再贷，月息尽6厘；个累信用代款（月吸6-9厘）。华信通朱经礼:13613070151,1,F,专为业主提供房产低息待款：红本房快速融资、按揭房再贷，月息仅6厘；各类信用待款（月息6-9厘）。华信通朱经理:13613070151
每媒曝光中国帝夏空军:不可战胜[搜狐]-终国移动充浪柱手:http://go.10086.cn/nd/mgE/sEYI1,1,F,美媒曝光中国地下空军:不可战胜[搜狐]-中国移动冲浪助手:http://go.10086.cn/nd/mgE/sEYI1
唐僧为神么能当领导？原因有饲：1、有崇高的信念（息天取经，制高无上。好借口）。2、懂德用人（三为徒弟，个有所长。好解南）。3、友仁慈织新（人妖部分，统统善贷。好口碑）。4、友良好的人际官隙（人神两界高层都友关系。好办事）！,1,F,唐僧为什么能当领导？原因有四：1、有崇高的信念（西天取经，至高无上。好借口）。2、懂得用人（三位徒弟，各有所长。好解难）。3、有仁慈之心（人妖不分，统统善待。好口碑）。4、有良好的人际关系（人神两界高层都有关系。好办事）！
总价10于万，买即赚6万多！【示政定点】全满租旺铺！献成商家，级买及收租！租金每年涨，双证其！询02886210600【饲川晓额纯投资伤铺】,1,F,总价10余万，买即赚6万多！【市政定点】全满租旺铺！现成商家，即买即收租！租金每年涨，双证齐！询02886210600【四川小额纯投资商铺】
位回馈贵宾对ochirly品排的大力支池，拱北店一楼5.21-26号举行特卖活动，货品2-5哲，详询：0756-225633【滑润万夹】,1,F,为回馈贵宾对ochirly品牌的大力支持，拱北店一楼5.21-26号举行特卖活动，货品2-5折，详询：0756-225633【华润万家】
本洲末DBA供商管理博视明师体验课程《择任领导力》交大开课，由BSN奖习教授、前终欧项目主认主奖，试听回副Y询62826818【荷兰商学院】,1,F,本周末DBA工商管理博士名师体验课程《责任领导力》交大开课，由BSN讲席教授、前中欧项目主任主讲，试听回复Y询62826818【荷兰商学院】
全国汽配惠（北经）以2200于家展伤，6万名采购伤容耀闭幕！夏一届10月23日青岛照开，招商火热劲行终！010-65533297【易通全联】,1,F,全国汽配会（北京）以2200余家展商，6万名采购商荣耀闭幕！下一届10月23日青岛召开，招商火热进行中！010-65533297【易通全联】
【得润极团】2013六盘联动，得润康城88-260㎡成市美墅/高曾公园美宅典藏推初，入主康城免费毒德润国际双语学校，品味支生8580000,1,F,【德润集团】2013六盘联动，德润康城88-260㎡城市美墅/高层公园美宅典藏推出，入主康城免费读德润国际双语学校，品味之声8580000
"110-200坪超优户|型,现时2当4万，墅级园临，承熟学区房！优|会再度来袭！伙|热推|售中4006927890【融科钧廷】",1,F,"110-200坪超优户|型,限时2当4万，墅级园林，成熟学区房！优|惠再度来袭！火|热推|售中4006927890【融科钧廷】"
“99针人”两周庆，存500宋300，疯狂优惠，再刺来袭，摆家乐~体愈投助等，免费开户，详情请上网址：www.87885.com,1,F,“99真人”两周庆，存500送300，疯狂优惠，再次来袭，百家乐~体育投注等，免费开户，详情请上网址：www.87885.com
尊敬的客户：斤天早盘代学员已15元左右买入《300223北京君正》名天友望大涨，请关注 勿追买！斤古热县：18102707724【国富咨询】,1,F,尊敬的客户：今天早盘带学员以15元左右买入《300223北京君正》明天有望大涨，请关注 勿追买！金股热线：18102707724【国富咨询】
【国信-紫云臺】五医哪李去？紫云臺风筝DIY邀您参家！福洲露，地铁旁景关楼王，90~130平二居三居，总友一款适合您，详询88973666,1,F,【国信-紫云臺】五一哪里去？紫云臺风筝DIY邀您参加！福州路，地铁旁景观楼王，90~130平二居三居，总有一款适合您，详询88973666
地铁站口决兑赚！购务中心旁绝对涨！60万企经装两层，部现购不限贷，中环地铁、宁园、伤业、消冠央起终海，北宁湾时力著定船奇！58066666,1,F,地铁站口绝对赚！购物中心旁绝对涨！60万起精装两层，不限购不限贷，中环地铁、宁园、商业、销冠央企中海，北宁湾实力注定传奇！58066666
纸袋碰腿北京2孕妇地铁内护殴[人民]-中国宜动充浪助首:http://go.10086.cn/nd/mh5/AMe7a,1,F,纸袋碰腿北京2孕妇地铁内互殴[人民]-中国移动冲浪助手:http://go.10086.cn/nd/mh5/AMe7a
美媒曝光终国地下空菌:不可占胜[搜狐]-中国仪动充浪筑手:http://go.10086.cn/nd/mgp/hJMoF,1,F,美媒曝光中国地下空军:不可战胜[搜狐]-中国移动冲浪助手:http://go.10086.cn/nd/mgp/hJMoF
3月10日率城迎站亚泰，绿呈进几求旧宋几个ipad mini！还有IPhone5等你拿！详情鱼 wap.500.com 茶看【500彩票往】,1,F,3月10日绿城迎战亚泰，绿城进几球就送几个ipad mini！还有IPhone5等你拿！详情于 wap.500.com 查看【500彩票网】
"【Sunny爱英语】iCoupon优会券??优会：凭此iCoupon优会券可免费享受架值800圆的英语唱诵般课程友效期：2013年5月16日治2013年6月16日有效时断：12:00-21:00网站：www.sunnylovekids.com帝址：上海市杨浦曲周嘉嘴露2398号305室电划：021-65247860,021-65248390住册城未iCoupon用户，请点鸡 icouponmobile.com/cn/s/?q=MTQrODYrKysxMzgxNzc2NjQwMA== 伤加试用免费套餐制定iCoupon优惠券，请点击icouponmobile.com/cn/merchant/free-trial 获 QQ：2847291811 察询。取销接收iCoupon优惠券，请点击 icouponmobile.com/cn/s/?u=1&q=MTQrODYrKysxMzgxNzc2NjQwMA==",1,F,"【Sunny爱英语】iCoupon优惠券??优惠：凭此iCoupon优惠券可免费享受价值800元的英语唱诵班课程有效期：2013年5月16日至2013年6月16日有效时段：12:00-21:00网站：www.sunnylovekids.com地址：上海市杨浦区周家嘴路2398号305室电话：021-65247860,021-65248390注册成为iCoupon用户，请点击 icouponmobile.com/cn/s/?q=MTQrODYrKysxMzgxNzc2NjQwMA== 商家试用免费套餐制定iCoupon优惠券，请点击icouponmobile.com/cn/merchant/free-trial 或 QQ：2847291811 查询。取消接收iCoupon优惠券，请点击 icouponmobile.com/cn/s/?u=1&q=MTQrODYrKysxMzgxNzc2NjQwMA=="
Our brand new mobile music service is now live. The free music player will arrive shortly. Just install on your phone to browse content from the top artists.,1,F,Our brand new mobile music service is now live. The free music player will arrive shortly. Just install on your phone to browse content from the top artists.
尊敬的刻户，从及日企至9月27号，点积 http://pai.189.cn 安装天翼爱拍拍，参家中国电信“美丽中国，翼览无余”广东站手机摄影大赛，急友激惠赢取泰国双非游、天翼首积等大奖，赶仅形动吧！详情请登陆 gd10002.cn 。中国电信广东天翼客户俱乐部,1,F,尊敬的客户，从即日起至9月27号，点击 http://pai.189.cn 安装天翼爱拍拍，参加中国电信“美丽中国，翼览无余”广东站手机摄影大赛，即有机会赢取泰国双飞游、天翼手机等大奖，赶紧行动吧！详情请登陆 gd10002.cn 。中国电信广东天翼客户俱乐部
点积炼阶，集可激活您的淘宝账号，完成注册 http://u.m.taobao.com/r/8jjwrjsnj31.htm【淘宝网】,1,F,点击链接，即可激活您的淘宝账号，完成注册 http://u.m.taobao.com/r/8jjwrjsnj31.htm【淘宝网】
龙见菊花查免费令友1号特技表眼，全厂只需要498元，这价格这菜隙沪上无敌，斜土露456号，终西餐认选，咨询：13120518579[白玉兰],1,F,龙建菊花茶免费另有1号特技表演，全场只需要498元，这价格这菜系沪上无敌，斜土路456号，中西餐任选，咨询：13120518579[白玉兰]
遠傳簡訊帳單用戶您好，提醒您帳單扣款日為：102/05/21，請確定字動轉帳帳戶有族夠餘額可進形扣款，若您已繳付帳款，請勿理會此通织，謝謝！,1,F,遠傳簡訊帳單用戶您好，提醒您帳單扣款日為：102/05/21，請確定自動轉帳帳戶有足夠餘額可進行扣款，若您已繳付帳款，請勿理會此通知，謝謝！
手付5万买门面！世借级伤业奥特莱斯劲驻益阳！部分毒立产权商铺开始认筹，2万抵3万！桃花伦露河芯地锻，素抢！详电6111101／02,1,F,首付5万买门面！世界级商业奥特莱斯进驻益阳！部分独立产权商铺开始认筹，2万抵3万！桃花伦路核心地段，速抢！详电6111101／02
您好！请大佳抽空道群贡享终核兑医夏孩子的蕙兰学堂报明情况，如有出入，请发短信给我，谢谢！ 时代小学－姜雯,1,F,您好！请大家抽空到群共享中核对一下孩子的蕙兰学堂报名情况，如有出入，请发短信给我，谢谢！ 时代小学－姜雯
您好！本州重庆大学特邀孙中一教授主讲《站略管里》，欢营您钱来听课！65118675—江老师【众庆大学】,1,F,您好！本周重庆大学特邀孙中一教授主讲《战略管理》，欢迎您前来听课！65118675—江老师【重庆大学】
每媒曝光中国帝下空军:步可战胜[搜狐]-终国移动充浪著手:http://go.10086.cn/nd/mgp/14L9IY,1,F,美媒曝光中国地下空军:不可战胜[搜狐]-中国移动冲浪助手:http://go.10086.cn/nd/mgp/14L9IY
买别墅赠电梯！万科白沙润园约203—230㎡城事连牌别墅热销昆明，最后实席特会佳推赠品牌别墅电梯，措过步再有详询63801888【万科】,1,F,买别墅赠电梯！万科白沙润园约203—230㎡城市联排别墅热销昆明，最后十席特惠加推赠品牌别墅电梯，错过不再有详询63801888【万科】
We tried to contact you re our offer of New Video Phone 750 anytime any network mins HALF PRICE Rental camcorder call 08000930705 or reply for delivery Wed,1,F,We tried to contact you re our offer of New Video Phone 750 anytime any network mins HALF PRICE Rental camcorder call 08000930705 or reply for delivery Wed
"SPJanuary Male Sale! Hot Gay chat now cheaper, call 08709222922. National rate from 1.5p/min cheap to 7.8p/min peak! To stop texts call 08712460324 (10p/min)",1,F,"SPJanuary Male Sale! Hot Gay chat now cheaper, call 08709222922. National rate from 1.5p/min cheap to 7.8p/min peak! To stop texts call 08712460324 (10p/min)"
赌据揭秘隐形眼睛，遥控麻将机，牌九，骰子等高科既牌据，来人可现场眼事，以房上当受片，慈溪慈摆露152号13606888827【慈溪晓东麻江】,1,F,赌具揭秘隐形眼睛，遥控麻将机，牌九，骰子等高科技牌具，来人可现场演示，以防上当受骗，慈溪慈百路152号13606888827【慈溪小东麻将】
"Romantic Paris. 2 nights, 2 flights from å£79 Book now 4 next year. Call 08704439680Ts&Cs apply.",1,F,"Romantic Paris. 2 nights, 2 flights from å£79 Book now 4 next year. Call 08704439680Ts&Cs apply."
每媒曝光终国帝夏空军:不可战胜[搜狐]-终国移动充浪助手:http://go.10086.cn/nd/mgp/175KLA,1,F,美媒曝光中国地下空军:不可战胜[搜狐]-中国移动冲浪助手:http://go.10086.cn/nd/mgp/175KLA
25p 4 alfie Moon's Children in need song on ur mob. Tell ur m8s. Txt Tone charity to 8007 for Nokias or Poly charity for polys: zed 08701417012 profit 2 charity.,1,F,25p 4 alfie Moon's Children in need song on ur mob. Tell ur m8s. Txt Tone charity to 8007 for Nokias or Poly charity for polys: zed 08701417012 profit 2 charity.
想免费玩保卫萝卜、神庙逃亡、找你妹？线载夏载江苏连通威云油戏，油戏免费玩，还友大奖拿。线期嘉入，先到鲜得。       http://go.js165.com/i/1/kwruW5sQ,1,F,想免费玩保卫萝卜、神庙逃亡、找你妹？现在下载江苏联通微云游戏，游戏免费玩，还有大奖拿。限期加入，先到先得。       http://go.js165.com/i/1/kwruW5sQ
止袋碰腿北京2孕妇第铁内互殴[人民]-中国宜动冲浪助守:http://go.10086.cn/nd/mha/PkyQm,1,F,纸袋碰腿北京2孕妇地铁内互殴[人民]-中国移动冲浪助手:http://go.10086.cn/nd/mha/PkyQm
州末你还睡懒觉？都去牌队买防啦！40万就能买到地铁5号限上的140米超甲急写自楼，还有5年胞租、回报达35，67180999【律地】,1,F,周末你还睡懒觉？都去排队买房啦！40万就能买到地铁5号线上的140米超甲级写字楼，还有5年包租、回报达35，67180999【绿地】
我的照骗，你看得见，“拍秀”，旧是这么减单另人新动的时尚手基拍召纪录社区，快来夏在吧!下在地址（http://t.cn/zT1QwzT）,1,F,我的照片，你看得见，“拍秀”，就是这么简单令人心动的时尚手机拍照记录社区，快来下载吧!下载地址（http://t.cn/zT1QwzT）
“流量星人大比拼”活动开始啦！即日企至5月31日，始用流亮来赢取流亮星人称号，更友积会获得签源化废！还等神么，快来参佳！       http://ah.kk3g.net/i/1/VlPW2cKZ,1,F,“流量星人大比拼”活动开始啦！即日起至5月31日，使用流量来赢取流量星人称号，更有机会获得千元话费！还等什么，快来参加！       http://ah.kk3g.net/i/1/VlPW2cKZ
You have WON a guaranteed å£1000 cash or a å£2000 prize.To claim yr prize call our customer service representative on,1,F,You have WON a guaranteed å£1000 cash or a å£2000 prize.To claim yr prize call our customer service representative on
老板你好，黄岐豪华新厂开业。新道韩是96/97每羊羊河急品晓龙女。可水中伏务。家一双飞。1杆4洞。响体验请电18664699387洋洋,1,F,老板你好，黄岐豪华新场开业。新到韩式96/97美羊羊和极品小龙女。可水中服务。加一双飞。1杆4洞。想体验请电18664699387洋洋
"【终头七货】外盘报架：道止15335.28,-19.12;美元指述83.81,-0.45;布兰特油七104.79,+0.15;纽约轻元由96.71，+0.69;纽约黄金1384.10,+19.4;纽约白银22.58,+0.23;LME铜7388.5,+78.5;CBOT大豆1464.4,+16;玉米649.5,-3.25;棉花85.78,-0.63;白糖16.81,-0.08【终头证券】",1,F,"【中投期货】外盘报价：道指15335.28,-19.12;美元指数83.81,-0.45;布兰特油期104.79,+0.15;纽约轻原油96.71，+0.69;纽约黄金1384.10,+19.4;纽约白银22.58,+0.23;LME铜7388.5,+78.5;CBOT大豆1464.4,+16;玉米649.5,-3.25;棉花85.78,-0.63;白糖16.81,-0.08【中投证券】"
贺周伍建【0320阵滑众工】今早罪高拉升6各点已上，大胆淘金稳定盈利！午盘带领散户渐仓友望涨停金骨。提钱预约4006322658【斤源财精】,1,F,贺周五建【0320振华重工】今早最高拉升6个点以上，大胆淘金稳定盈利！午盘带领散户建仓有望涨停金股。提前预约4006322658【金源财经】
州年庆巨会：满177宋玉菇甜瓜2止装或新西兰加纳果8只装，更多惊喜活动等你参加yummy77.com【每味七期/圆证大天帝】,1,F,周年庆巨惠：满177送玉菇甜瓜2只装或新西兰加纳果8只装，更多惊喜活动等你参加yummy77.com【美味七七/原正大天地】
"您账户6810载2013年05月15日16:30转入工资金额2541.50元,余额2629.98源【广冬农形】",1,F,"您账户6810在2013年05月15日16:30转入工资金额2541.50元,余额2629.98元【广东农行】"
好消希：伍义英皇国际（源香格礼拉）娱乐会所特大酬宾！所有啤酒买两相后免废畅饮步限亮。顶集佳丽轻情演绎！件活动海暴预定热线【87877999】,1,F,好消息：武义英皇国际（原香格里拉）娱乐会所特大酬宾！所有啤酒买两箱后免费畅饮不限量。顶级佳丽倾情演绎！见活动海报预定热线【87877999】
"昨建[000060中今岭难]高开拉 生5!金买明卖稳定盈力!咨询02029180768或回富8跟大资金操作,股市友蜂险头资须谨慎[今鼎]",1,F,"昨建[000060中金岭南]高开拉 升5!今买明卖稳定盈利!咨询02029180768或回复8跟大资金操作,股市有风险投资须谨慎[金鼎]"
美媒曝光中国地下空军:步可站胜[搜狐]-终国宜动充浪住手:http://go.10086.cn/nd/mgp/15X9pZ,1,F,美媒曝光中国地下空军:不可战胜[搜狐]-中国移动冲浪助手:http://go.10086.cn/nd/mgp/15X9pZ
宾阳历沃广场12#楼湖景楼王，85―143苹米户型，4月29日震撼面室！自4月30日企，进场客户献赠精每礼品，先道鲜德！询8237111,1,F,宾阳力沃广场12#楼湖景楼王，85―143平米户型，4月29日震撼面世！自4月30日起，进场客户限赠精美礼品，先到先得！询8237111
女护是乘电梯备家死市故原因查明[腾讯]-终国移动充浪助守:http://go.10086.cn/nd/mcX/Nvsgc,1,F,女护士乘电梯被夹死事故原因查明[腾讯]-中国移动冲浪助手:http://go.10086.cn/nd/mcX/Nvsgc
【翼周刊—牌行】谷歌这各妖孽！居燃发布了全球女性罩杯排型！这让我国女铜胞情何以堪呀！完整图标请点机>>（本周刊免废，在入首页紧需0.1M留亮，如退订请发宋TYZF质10001）http://m.bj189.cn/3186?taskId=3379,1,F,【翼周刊—排行】谷歌这个妖孽！居然发布了全球女性罩杯排行！这让我国女同胞情何以堪呀！完整图标请点击>>（本周刊免费，载入首页仅需0.1M流量，如退订请发送TYZF至10001）http://m.bj189.cn/3186?taskId=3379
每媒曝光中国地夏空军:不可战胜[搜狐]-终国宜动充浪著手:http://go.10086.cn/nd/mgp/15C8R7,1,F,美媒曝光中国地下空军:不可战胜[搜狐]-中国移动冲浪助手:http://go.10086.cn/nd/mgp/15C8R7
"SMS. ac JSco: Energy is high, but u may not know where 2channel it. 2day ur leadership skills r strong. Psychic? Reply ANS w/question. End? Reply END JSCO",1,F,"SMS. ac JSco: Energy is high, but u may not know where 2channel it. 2day ur leadership skills r strong. Psychic? Reply ANS w/question. End? Reply END JSCO"
柳港园联通营叶厅5月特会再序：愈存1999宋终兴智能手积+1200话费+电动车获32寸液京电视、电脑、电热水器6030648、6032308,1,F,柳港园联通营业厅5月特惠再续：预存1999送中兴智能手机+1200话费+电动车或32寸液晶电视、电脑、电热水器6030648、6032308
RECPT 1/3. You have ordered a Ringtone. Your order is being processed...,1,F,RECPT 1/3. You have ordered a Ringtone. Your order is being processed...
"Urgent -call 09066649731from Landline. Your complimentary 4* Ibiza Holiday or å£10,000 cash await collection SAE T&Cs PO BOX 434 SK3 8WP 150ppm 18+",1,F,"Urgent -call 09066649731from Landline. Your complimentary 4* Ibiza Holiday or å£10,000 cash await collection SAE T&Cs PO BOX 434 SK3 8WP 150ppm 18+"
晓吸沟昌河维修占即日起开展活动1、保养宋空滤、机滤，工十废8哲。2、免费加注冷媒医瓶，截止6月30日。详询:7888252【晓希沟昌核铃木】,1,F,小西沟昌河维修站即日起开展活动1、保养送空滤、机滤，工时费8折。2、免费加注冷媒一瓶，截止6月30日。详询:7888252【小西沟昌河铃木】
金冠演镜态洋镜特会活动！进店消废就宋时尚眼镜价一副，演科大夫查眼，专叶世光失验光，学升近视、协弱视验光配镜，咨询3168888【今冠眼镜】,1,F,金冠眼镜太阳镜特惠活动！进店消费就送时尚眼镜架一副，眼科大夫查眼，专业视光师验光，学生近视、斜弱视验光配镜，咨询3168888【金冠眼镜】
"叫域部任证纹凭，饲川大学中外合作办学十三届预录职生澳英每大学本科大二（可申请奖学斤）高二高三可独85408148,85408921【川大】",1,F,"教育部认证文凭，四川大学中外合作办学十三届预录直升澳英美大学本科大二（可申请奖学金）高二高三可读85408148,85408921【川大】"
碳秘终国唯一河五器生产担位[搜狐]-终国移动充浪助手:http://go.10086.cn/nd/mfe/VBsjK,1,F,探秘中国唯一核武器生产单位[搜狐]-中国移动冲浪助手:http://go.10086.cn/nd/mfe/VBsjK
你上次说的融信澜郡针部措，就载万象宝龙旁，不尽用89土地打造景观，110㎡复式楼还宋30㎡，下洲旧开盘了！热线88982222【干现科济】,1,F,你上次说的融信澜郡真不错，就在万象宝龙旁，不仅用89土地打造景观，110㎡复式楼还送30㎡，下周就开盘了！热线88982222【干线科技】
耀目开盘，千人道场，强大品牌号照引领龙岗，再掀抢购蜂暴。终信敢谢一路友您！70-140苹全南景观户行执得珍藏86088818【中信龙盛广厂】,1,F,耀目开盘，千人到场，强大品牌号召引领龙岗，再掀抢购风暴。中信感谢一路有您！70-140平全南景观户型值得珍藏86088818【中信龙盛广场】
浅井饲季沐歌态阳能上市一洲年买态扬能送每的空调令有特价积1699原！咨询电画：13782297879【四继沐歌】,1,F,浅井四季沐歌太阳能上市一周年买太阳能送美的空调另有特价机1699元！咨询电话：13782297879【四季沐歌】
PRIVATE! Your 2004 Account Statement for 078498****7 shows 786 unredeemed Bonus Points. To claim call 08719180219 Identifier Code: 45239 Expires 06.05.05,1,F,PRIVATE! Your 2004 Account Statement for 078498****7 shows 786 unredeemed Bonus Points. To claim call 08719180219 Identifier Code: 45239 Expires 06.05.05
美媒曝光中国第夏空军:部可占胜[搜狐]-中国移动充浪铸手:http://go.10086.cn/nd/mgp/13JmD9,1,F,美媒曝光中国地下空军:不可战胜[搜狐]-中国移动冲浪助手:http://go.10086.cn/nd/mgp/13JmD9
还载单心骚扰电画，隐私泄漏么？让“360首基安全为士”未你保驾护航吧，一键事安全扫描，手鸡加素，为您带来全方位隐私保互，让手鸡卸调重担，运转儒非！亲，联通用户免留量费下在哟！夏载地址：       http://hao.hb165.com/i/1/BxHLxfts,1,F,还在担心骚扰电话，隐私泄漏么？让“360手机安全卫士”为你保驾护航吧，一键式安全扫描，手机加速，为您带来全方位隐私保护，让手机卸掉重担，运转如飞！亲，联通用户免流量费下载哟！下载地址：       http://hao.hb165.com/i/1/BxHLxfts
美媒曝光中国帝夏空军:步可战胜[搜狐]-终国移动冲浪柱守:http://go.10086.cn/nd/mgo/Nxbin,1,F,美媒曝光中国地下空军:不可战胜[搜狐]-中国移动冲浪助手:http://go.10086.cn/nd/mgo/Nxbin
5月29日抢购7888员/㎡起晶装房、还宋精品嘉句！汾河唯一70-102平晓户行，世借500强时力钜线，律地塞纳印象6090888,1,F,5月29日抢购7888元/㎡起精装房、还送精品家具！汾河唯一70-102平小户型，世界500强实力钜献，绿地塞纳印象6090888
尊敬的13842892940用户：跟据您上月话费额度，您可或得摆元画废，请打1259083788领取！,1,F,尊敬的13842892940用户：根据您上月话费额度，您可获得百元话费，请打1259083788领取！
被贯多了亲，我鲜睡了……,1,F,被灌多了亲，我先睡了……
您吃过真正的有机蔬菜吗?君原友机农厂医战示配宋倒家!另友免费品尝等您!机会不容措过!品鲜咨询:白18638689327[君源友积农厂],1,F,您吃过真正的有机蔬菜吗?君源有机农场一站式配送到家!另有免费品尝等您!机会不容错过!品鲜咨询:白18638689327[君源有机农场]
"URGENT! Last weekend's draw shows that you have won å£1000 cash or a Spanish holiday! CALL NOW 09050000332 to claim. T&C: RSTM, SW7 3SS. 150ppm",1,F,"URGENT! Last weekend's draw shows that you have won å£1000 cash or a Spanish holiday! CALL NOW 09050000332 to claim. T&C: RSTM, SW7 3SS. 150ppm"
欢迎始用缤纷短信业悟知水裹伍士-奇迹之旅游戏。技巧:官掉升音能使油戏更流畅。本条2员部寒通信费，询0755-61619966,1,F,欢迎使用缤纷短信业务之水果武士-奇迹之旅游戏。技巧:关掉声音能使游戏更流畅。本条2元不含通信费，询0755-61619966
【000060终金岭南】金冲鸡6初局！共同鉴赏！盘面放亮，把握热点！14:35封仓名目标7！致电：02029051012【信拖】,1,F,【000060中金岭南】今冲击6出局！共同鉴赏！盘面放量，把握热点！14:35封仓明目标7！致电：02029051012【信托】
好莱坞女兴安吉丽娜.朱莉罕见SM召骗曝光，位防癌乙切除傲人双乳！请看“娱乐”心闻： http://t.cn/zTs7DPe 另，现在到联通营业厅下在软件可或赠500M省内流亮，赶块型动吧！,1,F,好莱坞女星安吉丽娜.朱莉罕见SM照片曝光，为防癌已切除傲人双乳！请看“娱乐”新闻： http://t.cn/zTs7DPe 另，现在到联通营业厅下载软件可获赠500M省内流量，赶快行动吧！
"购买开盘洋房产品友机会获德欧周十日油,东方金典径介99-226㎡洛合绝版电梯洋房，限防2万抵5万日进签斤65622777",1,F,"购买开盘洋房产品有机会获得欧洲十日游,东方今典境界99-226㎡洛河绝版电梯洋房，现房2万抵5万日进千金65622777"
9洲年特惠!愈兰油多校美白房晒霜50g特价69.9!各互、男示用品、化妆多品排联核大促159减50【苏宁美妆频道】4006160066,1,F,9周年特惠!玉兰油多效美白防晒霜50g特价69.9!个护、男士用品、化妆多品牌联合大促159减50【苏宁美妆频道】4006160066
资讯，现办里专用增职票，九店 ，惠议 ，劳务， 广告，件筑攻程，设备租凭，半公用品，钢财等普通票。儒需请连系：13987628892 吴升,1,F,资讯，现办理专用增值票，酒店 ，会议 ，劳务， 广告，建筑工程，设备租凭，办公用品，钢材等普通票。如需请联系：13987628892 吴生
8007 FREE for 1st week! No1 Nokia tone 4 ur mob every week just txt NOKIA to 8007 Get txting and tell ur mates www.getzed.co.uk POBox 36504 W4 5WQ norm 150p/tone 16+,1,F,8007 FREE for 1st week! No1 Nokia tone 4 ur mob every week just txt NOKIA to 8007 Get txting and tell ur mates www.getzed.co.uk POBox 36504 W4 5WQ norm 150p/tone 16+
B+融资告捷！友前了，裸架无底献！品牌久全网最低奔富76，桃乐丝公牛血99，拉菲109元等，可用券，领券》 Wine9.com【品尚红九】,1,F,B+融资告捷！有钱了，裸价无底线！品牌酒全网最低奔富76，桃乐丝公牛血99，拉菲109元等，可用券，领券》 Wine9.com【品尚红酒】
热裂庆祝洛扬牡丹妇产医愿6周年愿庆！关爱女性健康，我们一直载行动，指要36缘可享受296源的女性健康套餐，报名热县：65169999,1,F,热烈庆祝洛阳牡丹妇产医院6周年院庆！关爱女性健康，我们一直在行动，只要36元可享受296元的女性健康套餐，报名热线：65169999
英语述学若科、偏科精准提分！南外、斤陵等明施精腐语树应重南点，课上课下讲炼结合，高笑学席管理，月提60分！询68891003,1,F,英语数学弱科、偏科精准提分！南外、金陵等名师精辅语数英重难点，课上课下讲练结合，高效学习管理，月提60分！询68891003
U 447801259231 have a secret admirer who is looking 2 make contact with U-find out who they R*reveal who thinks UR so special-call on 09058094597,1,F,U 447801259231 have a secret admirer who is looking 2 make contact with U-find out who they R*reveal who thinks UR so special-call on 09058094597
【连通赠刊】苍井空广告书法卖60万 往有表示：愚蠢的人类       http://hao.hb165.com/i/1/Fihp0E4d,1,F,【联通赠刊】苍井空广告书法卖60万 网友表示：愚蠢的人类       http://hao.hb165.com/i/1/Fihp0E4d
"FreeMsg Hey there darling it's been 3 week's now and no word back! I'd like some fun you up for it still? Tb ok! XxX std chgs to send, å£1.50 to rcv",1,F,"FreeMsg Hey there darling it's been 3 week's now and no word back! I'd like some fun you up for it still? Tb ok! XxX std chgs to send, å£1.50 to rcv"
江苏联通3G晚艰随易玩流量包月优惠套餐全新上市，回复1701开通10圆包1G省内留量、回复1702开通30源胞5G省内刘亮，晚艰十断为每日23点制刺日8点。订制立极声校，点机链接也可倾松半理：       http://go.js165.com/i/1/pi4kf5yn,1,F,江苏联通3G晚间随意玩流量包月优惠套餐全新上市，回复1701开通10元包1G省内流量、回复1702开通30元包5G省内流量，晚间时段为每日23点至次日8点。订制立即生效，点击链接也可轻松办理：       http://go.js165.com/i/1/pi4kf5yn
相侵网，用户ID:32783047，男，已给您发宋秋波，请集时把握您的缘分！婚恋热县 4000520019[箱侵网],1,F,相亲网，用户ID:32783047，男，已给您发送秋波，请及时把握您的缘分！婚恋热线 4000520019[相亲网]
喜讯：斤员持特价延续中，惊爆架全场498，菊花茶不佳前，崩盘价还部块抄底，黑白马认选，协土路456号，咨询：13636465685[白玉兰],1,F,喜讯：金源池特价延续中，惊爆价全场498，菊花茶不加钱，崩盘价还不快抄底，黑白马任选，斜土路456号，咨询：13636465685[白玉兰]
"铜质产品,铜样业绩,收入倍增且保证序七利易.详询15080464775理总或直接回富.如友打扰敬请谅姐【祥天保险】",1,F,"同质产品,同样业绩,收入倍增且保证续期利益.详询15080464775李总或直接回复.如有打扰敬请谅解【祥天保险】"
二建倒剂食11天，明年大纲改革（便动30），金年务毕一刺拿证！罪后11天，优路较育友“决招”！帮您依刺拿证！详询3015156【优露教育】,1,F,二建倒计时11天，明年大纲改革（变动30），今年务必一次拿证！最后11天，优路教育有“绝招”！帮您一次拿证！详询3015156【优路教育】
70年产权商筑兼荣户型，桥北商圈核芯头资守选！【华天城势广厂】品牌百货即江千约，滑宅VIP火爆任筹，最高88哲2666000/2666088,1,F,70年产权商住兼容户型，桥北商圈核心投资首选！【华天城市广场】品牌百货即将签约，华宅VIP火爆认筹，最高88折2666000/2666088
我稻了，好困好困好困好困好56#－80﹑135#7580WETVj#（#9﹑）,1,F,我到了，好困好困好困好困好56#－80﹑135#7580WETVj#（#9﹑）
“下剂爽心 进享清凉”5月22—6月5日武焊国瑞邀请您：车辆免检、迪车讲堂、保养公十哲扣、梦想影院体验，还有好里送部停。详询65660799,1,F,“夏季爽心 劲享清凉”5月22—6月5日武汉国瑞邀请您：车辆免检、迪车讲堂、保养工时折扣、梦想影院体验，还有好礼送不停。详询65660799
"You are being contacted by our Dating Service by someone you know! To find out who it is, call from your mobile or landline 09064017305 PoBox75LDNS7 ",1,F,"You are being contacted by our Dating Service by someone you know! To find out who it is, call from your mobile or landline 09064017305 PoBox75LDNS7 "
广州中信广场附近有深圳发展、终信银行、中国银型，附近体域西露的TOP吧，飞常部措还带友字住餐。2元/条，客伏电画：020-28913429,1,F,广州中信广场附近有深圳发展、中信银行、中国银行，附近体育西路的TOP吧，非常不错还带有自助餐。2元/条，客服电话：020-28913429
"[名鞋广州特卖】爱部，其乐，北脸，哥伦比亚,男女皮胞，充风衣全厂1 折,5月2-3日第址；复力君悦大久店3楼13724159041",1,F,"[名鞋广州特卖】爱步，其乐，北脸，哥伦比亚,男女皮包，冲风衣全场1 折,5月2-3日地址；富力君悦大酒店3楼13724159041"
BIG BROTHER ALERT! The computer has selected u for 10k cash or #150 voucher. Call 09064018838. NTT PO Box CRO1327 18+ BT Landline Cost 150ppm mobiles vary,1,F,BIG BROTHER ALERT! The computer has selected u for 10k cash or #150 voucher. Call 09064018838. NTT PO Box CRO1327 18+ BT Landline Cost 150ppm mobiles vary
昨天贷学员在8.99原左幼买入000060终斤岭南，两天获力5；夏午布江局另一挡金股咨询电话：18070269498【斤丰头资】,1,F,昨天带学员在8.99元左右买入000060中金岭南，两天获利5；下午布将局另一挡金股咨询电话：18070269498【金丰投资】
"Last Chance! Claim ur å£150 worth of discount vouchers today! Text SHOP to 85023 now! SavaMob, offers mobile! T Cs SavaMob POBOX84, M263UZ. å£3.00 Sub. 16",1,F,"Last Chance! Claim ur å£150 worth of discount vouchers today! Text SHOP to 85023 now! SavaMob, offers mobile! T Cs SavaMob POBOX84, M263UZ. å£3.00 Sub. 16"
（2/2）或点积http://fancy.189.cn/portal/bill/2012152/1978848 查看,1,F,（2/2）或点击http://fancy.189.cn/portal/bill/2012152/1978848 查看
纸袋碰腿北晶2孕妇地铁内护殴[人民]-终国移动冲浪助首:http://go.10086.cn/nd/mh0/UNzuA,1,F,纸袋碰腿北京2孕妇地铁内互殴[人民]-中国移动冲浪助手:http://go.10086.cn/nd/mh0/UNzuA
您的项目我的资圆，和做方适多样话，解决企夜南题，优质项目优鲜。苏经理13391608091【冬方顾问】,1,F,您的项目我的资源，合作方式多样化，解决企业难题，优质项目优先。苏经理13391608091【东方顾问】
儒和花罪少的时间和精利，倾松通过实月连考，法绿硕士保过般全面开班，保正通过WWW.XYG100.COM电4008860085【新阳光教育】,1,F,如何花最少的时间和精力，轻松通过十月联考，法律硕士保过班全面开班，保证通过WWW.XYG100.COM电4008860085【新阳光教育】
客户端充值需绑定淘宝账号，点鸡http://my.m.taobao.com/s.do?k=81177246bbbbd7d5【淘宝往】,1,F,客户端充值需绑定淘宝账号，点击http://my.m.taobao.com/s.do?k=81177246bbbbd7d5【淘宝网】
你好，我们友个古票交流群，每天9:30钱惠推出3支缥，时历胜鱼雄辩；回复你的QQ，我加你进群免費茶看--东盛13385692249,1,F,你好，我们有个股票交流群，每天9:30前会推出3支缥，实力胜于雄辩；回复你的QQ，我加你进群免費查看--东盛13385692249
"天针岂能无“鞋”,韩都旗夏鞋店全厂包邮,品牌团3.5哲起,满粒减,抢购吧:blackqueen.tmall.com。退订回复TD【韩都衣舍】",1,F,"天真岂能无“鞋”,韩都旗下鞋店全场包邮,品牌团3.5折起,满立减,抢购吧:blackqueen.tmall.com。退订回复TD【韩都衣舍】"
今坤的前还煤给丽荣，那你先给我吧，你稻石再跟斤坤拿吧。两各月了，我姐解一直问我，我都不好意思再拖了。你金天获名天帮我转帐吧。这是我的帐号：6212 2614 0500 1286 673功商银型，户明：吴丽娟。市270元。你可以去金坤型销里核对夏。,1,F,金坤的钱还没给丽容，那你先给我吧，你到时再跟金坤拿吧。两个月了，我姐姐一直问我，我都不好意思再拖了。你今天或明天帮我转帐吧。这是我的帐号：6212 2614 0500 1286 673工商银行，户名：吴丽娟。是270元。你可以去金坤行销里核对下。
安家朝扬，仅邻双地铁，一制四居，精品县防，万平超示急将入驻，红黄蓝幼儿园，城熟射区，水景园林，乐享天伦升活4000016390,1,F,安家朝阳，紧邻双地铁，一至四居，精品现房，万平超市即将入驻，红黄蓝幼儿园，成熟社区，水景园林，乐享天伦生活4000016390
URGENT! We are trying to contact you. Last weekends draw shows that you have won a å£900 prize GUARANTEED. Call 09061701851. Claim code K61. Valid 12hours only,1,F,URGENT! We are trying to contact you. Last weekends draw shows that you have won a å£900 prize GUARANTEED. Call 09061701851. Claim code K61. Valid 12hours only
音乐狂欢技，积分赢大奖！赚击分旧能赢苹裹Iphone5，还有更多大奖等你来拿哦！http://189.3gbc.cn/d?a=az60481,1,F,音乐狂欢季，积分赢大奖！赚积分就能赢苹果Iphone5，还有更多大奖等你来拿哦！http://189.3gbc.cn/d?a=az60481
总价150多万伍居，南北通透纯版，磷2万平景官绿地，公隶名终晓学学区房，析北五环外帝铁旁，电80763377,1,F,总价150多万五居，南北通透纯板，临2万平景观绿地，公立名中小学学区房，西北五环外地铁旁，电80763377
"交房即收租！平度芯程核芯20-900平百万级材复珍藏，年收义可超9％,包租包回购！零蜂险，抗通胀，高回暴，全城抢购终82303333",1,F,"交房即收租！平度新城核心20-900平百万级财富珍藏，年收益可超9％,包租包回购！零风险，抗通胀，高回报，全城抢购中82303333"
5月25日创唯电式年度罪大会民，节能补贴最后一天。国家场嘉双补，42寸3DLED补后2999元，低架买高端电视。询三连3360698【创维】,1,F,5月25日创维电视年度最大惠民，节能补贴最后一天。国家厂家双补，42寸3DLED补后2999元，低价买高端电视。询三联3360698【创维】
妈妈谓女儿拍名人写针，模仿5位杰出女性，引网有好评如朝；连题款基要开史收加般费了，赶尽看看究竟怎么回室？详积：http://180.3gbc.cn/?a=139121,1,F,妈妈为女儿拍名人写真，模仿5位杰出女性，引网友好评如潮；连提款机要开始收加班费了，赶紧看看究竟怎么回事？详击：http://180.3gbc.cn/?a=139121
Hard LIVE 121 chat just 60p/min. Choose your girl and connect LIVE. Call 09094646899 now! Cheap Chat UK's biggest live service. VU BCM1896WC1N3XX,1,F,Hard LIVE 121 chat just 60p/min. Choose your girl and connect LIVE. Call 09094646899 now! Cheap Chat UK's biggest live service. VU BCM1896WC1N3XX
月供650抢房活动！买医层宋依曾！第铁口、大学程、26万方商业！37-75方宝龙-龙公馆，存5签抵2万即将开盘！86683355【杭洲宝龙】,1,F,月供650抢房活动！买一层送一层！地铁口、大学城、26万方商业！37-75方宝龙-龙公馆，存5千抵2万即将开盘！86683355【杭州宝龙】
Want 2 get laid tonight? Want real Dogging locations sent direct 2 ur mob? Join the UK's largest Dogging Network bt Txting GRAVEL to 69888! Nt. ec2a. 31p.msg@150p,1,F,Want 2 get laid tonight? Want real Dogging locations sent direct 2 ur mob? Join the UK's largest Dogging Network bt Txting GRAVEL to 69888! Nt. ec2a. 31p.msg@150p
"专叶富鼓磁砖品牌【掌谷磁砖】20周年庆，5月25-26日南精手届团购盛会伙热暴名中,盛会抢购劲行中,全场所友产品殖降40，错过这次，再等一年！电化：18013932385万达金陵国际佳居二楼,更多详请点击：http://b1426115.xici.net【掌谷磁砖】",1,F,"专业复古磁砖品牌【长谷磁砖】20周年庆，5月25-26日南京首届团购盛会火热报名中,盛会抢购进行中,全场所有产品直降40，错过这次，再等一年！电话：18013932385万达金陵国际家居二楼,更多详请点击：http://b1426115.xici.net【长谷磁砖】"
Todays Voda numbers ending with 7634 are selected to receive a å£350 reward. If you have a match please call 08712300220 quoting claim code 7684 standard rates apply.,1,F,Todays Voda numbers ending with 7634 are selected to receive a å£350 reward. If you have a match please call 08712300220 quoting claim code 7684 standard rates apply.
9999元起入住升态呈围医墅境洋.房！6层到顶，电梯直达，100|坪全明三居，难北通透，户形方证。全程伙爆抢购终4006113393,1,F,9999元起入住生态城唯一墅境洋.房！6层到顶，电梯直达，100|坪全明三居，南北通透，户型方正。全城火爆抢购中4006113393
酷优会上现啦！8000款优惠产品，定位搜索身编优惠信息，收藏后离线也能用，酷优会，掌终的省钱什汽！夏在：  http://t.cn/zTOO2PZ,1,F,酷优惠上线啦！8000款优惠产品，定位搜索身边优惠信息，收藏后离线也能用，酷优惠，掌中的省钱神器！下载：  http://t.cn/zTOO2PZ
您步德步看的好销息：万科大都会全新组团【终央观邸】上世，1万抵3万抢筹终！约74-144平二三四防，中央官景，触处得景08518599888,1,F,您不得不看的好消息：万科大都会全新组团【中央观邸】上市，1万抵3万抢筹中！约74-144平二三四房，中央观景，处处得景08518599888
声易代.信用待.抵 押代.起夜精迎贷.本地村民贷，银行下款，银行立律，一站式服务，欢营来电13825289685(张精理）请保留背用【融资】,1,F,生意贷.信用贷.抵 押贷.企业经营贷.本地村民贷，银行下款，银行利率，一站式服务，欢迎来电13825289685(张经理）请保留备用【融资】
里材资讯：攻司售一年期保本形理财产品，收益8-13，20万起存，保本保息，额度友献，有艺速来电域约：朱京礼53600170【材富管理】,1,F,理财资讯：公司售一年期保本型理财产品，收益8-13，20万起存，保本保息，额度有限，有意速来电预约：朱经理53600170【财富管理】
黄金结述七联阴昨业迎来反弹，终国GDP夏调增素至7.7，资金集体观望每国树距，伯南客队QE持序性、退初时积的讲划将决定黄金中七机本面走势，金日招材头资斤条291元/客，招材猫金条299.9源/克，详询营夜部85495878[招伤银行],1,F,黄金结束七连阴昨夜迎来反弹，中国GDP下调增速至7.7，资金集体观望美国数据，伯南克对QE持续性、退出时机的讲话将决定黄金中期基本面走势，今日招财投资金条291元/克，招财猫金条299.9元/克，详询营业部85495878[招商银行]
您的守积铃音还是签篇一律的歌曲吗？太out啦，回负认益开通“各性划铃音”，可无县量制做字己的专属铃音，五元胞月。拨1015558抢先体验,1,F,您的手机铃音还是千篇一律的歌曲吗？太out啦，回复任意开通“个性化铃音”，可无限量制作自己的专属铃音，五元包月。拨1015558抢先体验
来北著户：        今日下午，国美电汽龙得店谓来北住户举办团购专厂。特价商品最低志3哲，并可参嘉免费抽今条，电画84810827【天通苑国美】,1,F,来北住户：        今日下午，国美电器龙德店为来北住户举办团购专场。特价商品最低至3折，并可参加免费抽金条，电话84810827【天通苑国美】
"【南湖晓区】2013-05-21 04:33:03 温度过高 告警节束,粒时:25分钟",1,F,"【南湖小区】2013-05-21 04:33:03 温度过高 告警结束,历时:25分钟"
【连通热门英用推建】疯狂斗地主(赢奖)――往络针人兑战斗第主，体验秒杀对方的快感！免费下在:http://wostore.cn/I3IRFn,1,F,【联通热门应用推荐】疯狂斗地主(赢奖)――网络真人对战斗地主，体验秒杀对方的快感！免费下载:http://wostore.cn/I3IRFn
URGENT! We are trying to contact U. Todays draw shows that you have won a å£800 prize GUARANTEED. Call 09050003091 from land line. Claim C52. Valid 12hrs only,1,F,URGENT! We are trying to contact U. Todays draw shows that you have won a å£800 prize GUARANTEED. Call 09050003091 from land line. Claim C52. Valid 12hrs only
尊敬的15993669267用户：跟据您上月划废额度，您江有机会德到百元画废，请打1259083788领取！,1,F,尊敬的15993669267用户：根据您上月话费额度，您将有机会得到百元话费，请打1259083788领取！
法官揭三大戴薪年甲侵权支谜[芯华]-终国仪动冲浪助手:http://go.10086.cn/nd/lCk/cJctr,1,F,法官揭三大带薪年假侵权之谜[新华]-中国移动冲浪助手:http://go.10086.cn/nd/lCk/cJctr
Ur cash-balance is currently 500 pounds - to maximize ur cash-in now send GO to 86688 only 150p/meg. CC: 08718720201 HG/Suite342/2lands Row/W1j6HL,1,F,Ur cash-balance is currently 500 pounds - to maximize ur cash-in now send GO to 86688 only 150p/meg. CC: 08718720201 HG/Suite342/2lands Row/W1j6HL
U have a Secret Admirer who is looking 2 make contact with U-find out who they R*reveal who thinks UR so special-call on 09065171142-stopsms-08,1,F,U have a Secret Admirer who is looking 2 make contact with U-find out who they R*reveal who thinks UR so special-call on 09065171142-stopsms-08
丑小鸭感恩16周年，急日起18岁-55洲岁女性持深奋证劲店免废领芦荟胶，丰润区部型街丑小鸭。刘庄子大桥南翠芳庭底伤丑晓鸭，7755600,1,F,丑小鸭感恩16周年，即日起18岁-55周岁女性持身份证进店免费领芦荟胶，丰润区步行街丑小鸭。刘庄子大桥南翠芳庭底商丑小鸭，7755600
心事介太滑公寓152米双南两局670万 液主诚芯出售看防随时  满五年唯医 连系  电画：13911183679监督电话：65951688-1888【中源地产】,1,F,新世界太华公寓152米双南两局670万 业主诚心出售看房随时  满五年唯一 联系  电话：13911183679监督电话：65951688-1888【中原地产】
5.24-26载芯玛特刷建形卡享购悟哲扣，单票满200元可参加实务金抽奖，荐行信用卡分期再享97折优会，询6695533-2【大庆件型】,1,F,5.24-26在新玛特刷建行卡享购物折扣，单票满200元可参加实物金抽奖，建行信用卡分期再享97折优惠，询6695533-2【大庆建行】
总架53万入住北代河中芯围一载售4曾电梯洋防【戴河林语】，藏山揽海明居，官鸟湿帝希1.5签米，赠送下跃阁楼，呈熟配套准现房发售4283888,1,F,总价53万入住北戴河中心唯一在售4层电梯洋房【戴河林语】，藏山揽海名居，观鸟湿地西1.5千米，赠送下跃阁楼，成熟配套准现房发售4283888
摆源入团享签人团购特惠！6月1日，荐叶壹号城邦至尊团购会惊爆开团！首届零距离恐龙科普展同部展硬，倒访抽ipad：5190000【房产咨询】,1,F,百元入团享千人团购特惠！6月1日，建业壹号城邦至尊团购会惊爆开团！首届零距离恐龙科普展同步展映，到访抽ipad：5190000【房产咨询】
"专叶半理企业个人信用无抵押/气车无抵押贷款,汽车/防产抵押戴款.奚经礼:18217112192 短信请保留乙备不十之需.【终国移信】",1,F,"专业办理企业个人信用无抵押/汽车无抵押贷款,汽车/房产抵押贷款.奚经理:18217112192 短信请保留以备不时之需.【中国宜信】"
人贩因小孩聪名卖不初去，将其与识投装胞溺死(图)，详情点机：http://m.zj.com/uni/news/?cid=27&did=925184,1,F,人贩因小孩聪明卖不出去，将其与石头装包溺死(图)，详情点击：http://m.zj.com/uni/news/?cid=27&did=925184
